o 
v 0 0 -0.1005840003490448
v 3.0480000972747803 0.22120000422000885 -0.1005840003490448
v 12.496800422668457 0.22120000422000885 -0.1005840003490448
v 0.45719999074935913 1.135599970817566 -0.1005840003490448
v 0 0 -0.1005840003490448
v 0 2.4384000301361084 -0.1005840003490448
v 0 0 -0.1005840003490448
v 0.45719999074935913 1.135599970817566 -0.1005840003490448
v 1.2192000150680542 1.135599970817566 -0.1005840003490448
v 3.0480000972747803 2.049999952316284 -0.1005840003490448
v 3.0480000972747803 0.22120000422000885 -0.1005840003490448
v 0 0 -0.1005840003490448
v 5.486400127410889 0.22120000422000885 -0.1005840003490448
v 4.572000026702881 0.22120000422000885 -0.1005840003490448
v 4.572000026702881 2.049999952316284 -0.1005840003490448
v 8.229599952697754 1.135599970817566 -0.1005840003490448
v 7.01039981842041 0.22120000422000885 -0.1005840003490448
v 7.01039981842041 2.049999952316284 -0.1005840003490448
v 7.01039981842041 0.22120000422000885 -0.1005840003490448
v 8.229599952697754 1.135599970817566 -0.1005840003490448
v 9.448800086975098 1.135599970817566 -0.1005840003490448
v 16.7335205078125 0 -0.1005840003490448
v 0 0 -0.1005840003490448
v 12.496800422668457 0.22120000422000885 -0.1005840003490448
v 0.45719999074935913 2.049999952316284 -0.1005840003490448
v 0.45719999074935913 1.135599970817566 -0.1005840003490448
v 0 2.4384000301361084 -0.1005840003490448
v 3.0480000972747803 2.049999952316284 -0.1005840003490448
v 0 0 -0.1005840003490448
v 1.2192000150680542 1.135599970817566 -0.1005840003490448
v 5.486400127410889 2.049999952316284 -0.1005840003490448
v 5.486400127410889 0.22120000422000885 -0.1005840003490448
v 4.572000026702881 2.049999952316284 -0.1005840003490448
v 8.229599952697754 2.049999952316284 -0.1005840003490448
v 8.229599952697754 1.135599970817566 -0.1005840003490448
v 7.01039981842041 2.049999952316284 -0.1005840003490448
v 10.668000221252441 0.22120000422000885 -0.1005840003490448
v 7.01039981842041 0.22120000422000885 -0.1005840003490448
v 9.448800086975098 1.135599970817566 -0.1005840003490448
v 16.7335205078125 0 -0.1005840003490448
v 12.496800422668457 0.22120000422000885 -0.1005840003490448
v 12.496800422668457 2.049999952316284 -0.1005840003490448
v 0.45719999074935913 2.049999952316284 -0.1005840003490448
v 0 2.4384000301361084 -0.1005840003490448
v 16.7335205078125 2.4384000301361084 -0.1005840003490448
v 3.0480000972747803 2.049999952316284 -0.1005840003490448
v 1.2192000150680542 1.135599970817566 -0.1005840003490448
v 1.2192000150680542 2.049999952316284 -0.1005840003490448
v 10.668000221252441 0.22120000422000885 -0.1005840003490448
v 9.448800086975098 1.135599970817566 -0.1005840003490448
v 9.448800086975098 2.049999952316284 -0.1005840003490448
v 16.7335205078125 2.4384000301361084 -0.1005840003490448
v 16.7335205078125 0 -0.1005840003490448
v 12.496800422668457 2.049999952316284 -0.1005840003490448
v 1.2192000150680542 2.049999952316284 -0.1005840003490448
v 0.45719999074935913 2.049999952316284 -0.1005840003490448
v 16.7335205078125 2.4384000301361084 -0.1005840003490448
v 10.668000221252441 2.049999952316284 -0.1005840003490448
v 10.668000221252441 0.22120000422000885 -0.1005840003490448
v 9.448800086975098 2.049999952316284 -0.1005840003490448
v 16.7335205078125 2.4384000301361084 -0.1005840003490448
v 12.496800422668457 2.049999952316284 -0.1005840003490448
v 10.668000221252441 2.049999952316284 -0.1005840003490448
v 3.0480000972747803 2.049999952316284 -0.1005840003490448
v 1.2192000150680542 2.049999952316284 -0.1005840003490448
v 16.7335205078125 2.4384000301361084 -0.1005840003490448
v 16.7335205078125 2.4384000301361084 -0.1005840003490448
v 10.668000221252441 2.049999952316284 -0.1005840003490448
v 9.448800086975098 2.049999952316284 -0.1005840003490448
v 4.572000026702881 2.049999952316284 -0.1005840003490448
v 3.0480000972747803 2.049999952316284 -0.1005840003490448
v 16.7335205078125 2.4384000301361084 -0.1005840003490448
v 16.7335205078125 2.4384000301361084 -0.1005840003490448
v 9.448800086975098 2.049999952316284 -0.1005840003490448
v 8.229599952697754 2.049999952316284 -0.1005840003490448
v 5.486400127410889 2.049999952316284 -0.1005840003490448
v 4.572000026702881 2.049999952316284 -0.1005840003490448
v 16.7335205078125 2.4384000301361084 -0.1005840003490448
v 16.7335205078125 2.4384000301361084 -0.1005840003490448
v 8.229599952697754 2.049999952316284 -0.1005840003490448
v 7.01039981842041 2.049999952316284 -0.1005840003490448
v 7.01039981842041 2.049999952316284 -0.1005840003490448
v 5.486400127410889 2.049999952316284 -0.1005840003490448
v 16.7335205078125 2.4384000301361084 -0.1005840003490448
v 12.496800422668457 0.22120000422000885 0.1005840003490448
v 3.0480000972747803 0.22120000422000885 0.1005840003490448
v 0 0 0.1005840003490448
v 0 2.4384000301361084 0.1005840003490448
v 0 0 0.1005840003490448
v 0.45719999074935913 1.135599970817566 0.1005840003490448
v 1.2192000150680542 1.135599970817566 0.1005840003490448
v 0.45719999074935913 1.135599970817566 0.1005840003490448
v 0 0 0.1005840003490448
v 0 0 0.1005840003490448
v 3.0480000972747803 0.22120000422000885 0.1005840003490448
v 3.0480000972747803 2.049999952316284 0.1005840003490448
v 4.572000026702881 2.049999952316284 0.1005840003490448
v 4.572000026702881 0.22120000422000885 0.1005840003490448
v 5.486400127410889 0.22120000422000885 0.1005840003490448
v 7.01039981842041 2.049999952316284 0.1005840003490448
v 7.01039981842041 0.22120000422000885 0.1005840003490448
v 8.229599952697754 1.135599970817566 0.1005840003490448
v 9.448800086975098 1.135599970817566 0.1005840003490448
v 8.229599952697754 1.135599970817566 0.1005840003490448
v 7.01039981842041 0.22120000422000885 0.1005840003490448
v 12.496800422668457 0.22120000422000885 0.1005840003490448
v 0 0 0.1005840003490448
v 16.7335205078125 0 0.1005840003490448
v 0 2.4384000301361084 0.1005840003490448
v 0.45719999074935913 1.135599970817566 0.1005840003490448
v 0.45719999074935913 2.049999952316284 0.1005840003490448
v 1.2192000150680542 1.135599970817566 0.1005840003490448
v 0 0 0.1005840003490448
v 3.0480000972747803 2.049999952316284 0.1005840003490448
v 4.572000026702881 2.049999952316284 0.1005840003490448
v 5.486400127410889 0.22120000422000885 0.1005840003490448
v 5.486400127410889 2.049999952316284 0.1005840003490448
v 7.01039981842041 2.049999952316284 0.1005840003490448
v 8.229599952697754 1.135599970817566 0.1005840003490448
v 8.229599952697754 2.049999952316284 0.1005840003490448
v 9.448800086975098 1.135599970817566 0.1005840003490448
v 7.01039981842041 0.22120000422000885 0.1005840003490448
v 10.668000221252441 0.22120000422000885 0.1005840003490448
v 12.496800422668457 2.049999952316284 0.1005840003490448
v 12.496800422668457 0.22120000422000885 0.1005840003490448
v 16.7335205078125 0 0.1005840003490448
v 16.7335205078125 2.4384000301361084 0.1005840003490448
v 0 2.4384000301361084 0.1005840003490448
v 0.45719999074935913 2.049999952316284 0.1005840003490448
v 1.2192000150680542 2.049999952316284 0.1005840003490448
v 1.2192000150680542 1.135599970817566 0.1005840003490448
v 3.0480000972747803 2.049999952316284 0.1005840003490448
v 9.448800086975098 2.049999952316284 0.1005840003490448
v 9.448800086975098 1.135599970817566 0.1005840003490448
v 10.668000221252441 0.22120000422000885 0.1005840003490448
v 12.496800422668457 2.049999952316284 0.1005840003490448
v 16.7335205078125 0 0.1005840003490448
v 16.7335205078125 2.4384000301361084 0.1005840003490448
v 16.7335205078125 2.4384000301361084 0.1005840003490448
v 0.45719999074935913 2.049999952316284 0.1005840003490448
v 1.2192000150680542 2.049999952316284 0.1005840003490448
v 9.448800086975098 2.049999952316284 0.1005840003490448
v 10.668000221252441 0.22120000422000885 0.1005840003490448
v 10.668000221252441 2.049999952316284 0.1005840003490448
v 10.668000221252441 2.049999952316284 0.1005840003490448
v 12.496800422668457 2.049999952316284 0.1005840003490448
v 16.7335205078125 2.4384000301361084 0.1005840003490448
v 16.7335205078125 2.4384000301361084 0.1005840003490448
v 1.2192000150680542 2.049999952316284 0.1005840003490448
v 3.0480000972747803 2.049999952316284 0.1005840003490448
v 9.448800086975098 2.049999952316284 0.1005840003490448
v 10.668000221252441 2.049999952316284 0.1005840003490448
v 16.7335205078125 2.4384000301361084 0.1005840003490448
v 16.7335205078125 2.4384000301361084 0.1005840003490448
v 3.0480000972747803 2.049999952316284 0.1005840003490448
v 4.572000026702881 2.049999952316284 0.1005840003490448
v 8.229599952697754 2.049999952316284 0.1005840003490448
v 9.448800086975098 2.049999952316284 0.1005840003490448
v 16.7335205078125 2.4384000301361084 0.1005840003490448
v 16.7335205078125 2.4384000301361084 0.1005840003490448
v 4.572000026702881 2.049999952316284 0.1005840003490448
v 5.486400127410889 2.049999952316284 0.1005840003490448
v 7.01039981842041 2.049999952316284 0.1005840003490448
v 8.229599952697754 2.049999952316284 0.1005840003490448
v 16.7335205078125 2.4384000301361084 0.1005840003490448
v 16.7335205078125 2.4384000301361084 0.1005840003490448
v 5.486400127410889 2.049999952316284 0.1005840003490448
v 7.01039981842041 2.049999952316284 0.1005840003490448
v 0 0 -0.1005840003490448
v 16.7335205078125 0 -0.1005840003490448
v 0 0 0.1005840003490448
v 16.7335205078125 0 -0.1005840003490448
v 16.7335205078125 0 0.1005840003490448
v 0 0 0.1005840003490448
v 16.7335205078125 0 -0.1005840003490448
v 16.7335205078125 2.4384000301361084 -0.1005840003490448
v 16.7335205078125 0 0.1005840003490448
v 16.7335205078125 2.4384000301361084 -0.1005840003490448
v 16.7335205078125 2.4384000301361084 0.1005840003490448
v 16.7335205078125 0 0.1005840003490448
v 16.7335205078125 2.4384000301361084 -0.1005840003490448
v 0 2.4384000301361084 -0.1005840003490448
v 16.7335205078125 2.4384000301361084 0.1005840003490448
v 0 2.4384000301361084 -0.1005840003490448
v 0 2.4384000301361084 0.1005840003490448
v 16.7335205078125 2.4384000301361084 0.1005840003490448
v 0 2.4384000301361084 -0.1005840003490448
v 0 0 -0.1005840003490448
v 0 2.4384000301361084 0.1005840003490448
v 0 0 -0.1005840003490448
v 0 0 0.1005840003490448
v 0 2.4384000301361084 0.1005840003490448
v 0.45719999074935913 1.135599970817566 -0.1005840003490448
v 0.45719999074935913 2.049999952316284 -0.1005840003490448
v 0.45719999074935913 1.135599970817566 0.1005840003490448
v 0.45719999074935913 2.049999952316284 -0.1005840003490448
v 0.45719999074935913 2.049999952316284 0.1005840003490448
v 0.45719999074935913 1.135599970817566 0.1005840003490448
v 0.45719999074935913 2.049999952316284 -0.1005840003490448
v 1.2192000150680542 2.049999952316284 -0.1005840003490448
v 0.45719999074935913 2.049999952316284 0.1005840003490448
v 1.2192000150680542 2.049999952316284 -0.1005840003490448
v 1.2192000150680542 2.049999952316284 0.1005840003490448
v 0.45719999074935913 2.049999952316284 0.1005840003490448
v 1.2192000150680542 2.049999952316284 -0.1005840003490448
v 1.2192000150680542 1.135599970817566 -0.1005840003490448
v 1.2192000150680542 2.049999952316284 0.1005840003490448
v 1.2192000150680542 1.135599970817566 -0.1005840003490448
v 1.2192000150680542 1.135599970817566 0.1005840003490448
v 1.2192000150680542 2.049999952316284 0.1005840003490448
v 1.2192000150680542 1.135599970817566 -0.1005840003490448
v 0.45719999074935913 1.135599970817566 -0.1005840003490448
v 1.2192000150680542 1.135599970817566 0.1005840003490448
v 0.45719999074935913 1.135599970817566 -0.1005840003490448
v 0.45719999074935913 1.135599970817566 0.1005840003490448
v 1.2192000150680542 1.135599970817566 0.1005840003490448
v 3.0480000972747803 0.22120000422000885 -0.1005840003490448
v 3.0480000972747803 2.049999952316284 -0.1005840003490448
v 3.0480000972747803 0.22120000422000885 0.1005840003490448
v 3.0480000972747803 2.049999952316284 -0.1005840003490448
v 3.0480000972747803 2.049999952316284 0.1005840003490448
v 3.0480000972747803 0.22120000422000885 0.1005840003490448
v 3.0480000972747803 2.049999952316284 -0.1005840003490448
v 4.572000026702881 2.049999952316284 -0.1005840003490448
v 3.0480000972747803 2.049999952316284 0.1005840003490448
v 4.572000026702881 2.049999952316284 -0.1005840003490448
v 4.572000026702881 2.049999952316284 0.1005840003490448
v 3.0480000972747803 2.049999952316284 0.1005840003490448
v 4.572000026702881 2.049999952316284 -0.1005840003490448
v 4.572000026702881 0.22120000422000885 -0.1005840003490448
v 4.572000026702881 2.049999952316284 0.1005840003490448
v 4.572000026702881 0.22120000422000885 -0.1005840003490448
v 4.572000026702881 0.22120000422000885 0.1005840003490448
v 4.572000026702881 2.049999952316284 0.1005840003490448
v 4.572000026702881 0.22120000422000885 -0.1005840003490448
v 3.0480000972747803 0.22120000422000885 -0.1005840003490448
v 4.572000026702881 0.22120000422000885 0.1005840003490448
v 3.0480000972747803 0.22120000422000885 -0.1005840003490448
v 3.0480000972747803 0.22120000422000885 0.1005840003490448
v 4.572000026702881 0.22120000422000885 0.1005840003490448
v 5.486400127410889 0.22120000422000885 -0.1005840003490448
v 5.486400127410889 2.049999952316284 -0.1005840003490448
v 5.486400127410889 0.22120000422000885 0.1005840003490448
v 5.486400127410889 2.049999952316284 -0.1005840003490448
v 5.486400127410889 2.049999952316284 0.1005840003490448
v 5.486400127410889 0.22120000422000885 0.1005840003490448
v 5.486400127410889 2.049999952316284 -0.1005840003490448
v 7.01039981842041 2.049999952316284 -0.1005840003490448
v 5.486400127410889 2.049999952316284 0.1005840003490448
v 7.01039981842041 2.049999952316284 -0.1005840003490448
v 7.01039981842041 2.049999952316284 0.1005840003490448
v 5.486400127410889 2.049999952316284 0.1005840003490448
v 7.01039981842041 2.049999952316284 -0.1005840003490448
v 7.01039981842041 0.22120000422000885 -0.1005840003490448
v 7.01039981842041 2.049999952316284 0.1005840003490448
v 7.01039981842041 0.22120000422000885 -0.1005840003490448
v 7.01039981842041 0.22120000422000885 0.1005840003490448
v 7.01039981842041 2.049999952316284 0.1005840003490448
v 7.01039981842041 0.22120000422000885 -0.1005840003490448
v 5.486400127410889 0.22120000422000885 -0.1005840003490448
v 7.01039981842041 0.22120000422000885 0.1005840003490448
v 5.486400127410889 0.22120000422000885 -0.1005840003490448
v 5.486400127410889 0.22120000422000885 0.1005840003490448
v 7.01039981842041 0.22120000422000885 0.1005840003490448
v 8.229599952697754 1.135599970817566 -0.1005840003490448
v 8.229599952697754 2.049999952316284 -0.1005840003490448
v 8.229599952697754 1.135599970817566 0.1005840003490448
v 8.229599952697754 2.049999952316284 -0.1005840003490448
v 8.229599952697754 2.049999952316284 0.1005840003490448
v 8.229599952697754 1.135599970817566 0.1005840003490448
v 8.229599952697754 2.049999952316284 -0.1005840003490448
v 9.448800086975098 2.049999952316284 -0.1005840003490448
v 8.229599952697754 2.049999952316284 0.1005840003490448
v 9.448800086975098 2.049999952316284 -0.1005840003490448
v 9.448800086975098 2.049999952316284 0.1005840003490448
v 8.229599952697754 2.049999952316284 0.1005840003490448
v 9.448800086975098 2.049999952316284 -0.1005840003490448
v 9.448800086975098 1.135599970817566 -0.1005840003490448
v 9.448800086975098 2.049999952316284 0.1005840003490448
v 9.448800086975098 1.135599970817566 -0.1005840003490448
v 9.448800086975098 1.135599970817566 0.1005840003490448
v 9.448800086975098 2.049999952316284 0.1005840003490448
v 9.448800086975098 1.135599970817566 -0.1005840003490448
v 8.229599952697754 1.135599970817566 -0.1005840003490448
v 9.448800086975098 1.135599970817566 0.1005840003490448
v 8.229599952697754 1.135599970817566 -0.1005840003490448
v 8.229599952697754 1.135599970817566 0.1005840003490448
v 9.448800086975098 1.135599970817566 0.1005840003490448
v 10.668000221252441 0.22120000422000885 -0.1005840003490448
v 10.668000221252441 2.049999952316284 -0.1005840003490448
v 10.668000221252441 0.22120000422000885 0.1005840003490448
v 10.668000221252441 2.049999952316284 -0.1005840003490448
v 10.668000221252441 2.049999952316284 0.1005840003490448
v 10.668000221252441 0.22120000422000885 0.1005840003490448
v 10.668000221252441 2.049999952316284 -0.1005840003490448
v 12.496800422668457 2.049999952316284 -0.1005840003490448
v 10.668000221252441 2.049999952316284 0.1005840003490448
v 12.496800422668457 2.049999952316284 -0.1005840003490448
v 12.496800422668457 2.049999952316284 0.1005840003490448
v 10.668000221252441 2.049999952316284 0.1005840003490448
v 12.496800422668457 2.049999952316284 -0.1005840003490448
v 12.496800422668457 0.22120000422000885 -0.1005840003490448
v 12.496800422668457 2.049999952316284 0.1005840003490448
v 12.496800422668457 0.22120000422000885 -0.1005840003490448
v 12.496800422668457 0.22120000422000885 0.1005840003490448
v 12.496800422668457 2.049999952316284 0.1005840003490448
v 12.496800422668457 0.22120000422000885 -0.1005840003490448
v 10.668000221252441 0.22120000422000885 -0.1005840003490448
v 12.496800422668457 0.22120000422000885 0.1005840003490448
v 10.668000221252441 0.22120000422000885 -0.1005840003490448
v 10.668000221252441 0.22120000422000885 0.1005840003490448
v 12.496800422668457 0.22120000422000885 0.1005840003490448
vt 0 0
vt 3.0480000972747803 0.22120000422000885
vt 12.496800422668457 0.22120000422000885
vt 0.45719999074935913 1.135599970817566
vt 0 0
vt 0 2.4384000301361084
vt 0 0
vt 0.45719999074935913 1.135599970817566
vt 1.2192000150680542 1.135599970817566
vt 3.0480000972747803 2.049999952316284
vt 3.0480000972747803 0.22120000422000885
vt 0 0
vt 5.486400127410889 0.22120000422000885
vt 4.572000026702881 0.22120000422000885
vt 4.572000026702881 2.049999952316284
vt 8.229599952697754 1.135599970817566
vt 7.01039981842041 0.22120000422000885
vt 7.01039981842041 2.049999952316284
vt 7.01039981842041 0.22120000422000885
vt 8.229599952697754 1.135599970817566
vt 9.448800086975098 1.135599970817566
vt 16.7335205078125 0
vt 0 0
vt 12.496800422668457 0.22120000422000885
vt 0.45719999074935913 2.049999952316284
vt 0.45719999074935913 1.135599970817566
vt 0 2.4384000301361084
vt 3.0480000972747803 2.049999952316284
vt 0 0
vt 1.2192000150680542 1.135599970817566
vt 5.486400127410889 2.049999952316284
vt 5.486400127410889 0.22120000422000885
vt 4.572000026702881 2.049999952316284
vt 8.229599952697754 2.049999952316284
vt 8.229599952697754 1.135599970817566
vt 7.01039981842041 2.049999952316284
vt 10.668000221252441 0.22120000422000885
vt 7.01039981842041 0.22120000422000885
vt 9.448800086975098 1.135599970817566
vt 16.7335205078125 0
vt 12.496800422668457 0.22120000422000885
vt 12.496800422668457 2.049999952316284
vt 0.45719999074935913 2.049999952316284
vt 0 2.4384000301361084
vt 16.7335205078125 2.4384000301361084
vt 3.0480000972747803 2.049999952316284
vt 1.2192000150680542 1.135599970817566
vt 1.2192000150680542 2.049999952316284
vt 10.668000221252441 0.22120000422000885
vt 9.448800086975098 1.135599970817566
vt 9.448800086975098 2.049999952316284
vt 16.7335205078125 2.4384000301361084
vt 16.7335205078125 0
vt 12.496800422668457 2.049999952316284
vt 1.2192000150680542 2.049999952316284
vt 0.45719999074935913 2.049999952316284
vt 16.7335205078125 2.4384000301361084
vt 10.668000221252441 2.049999952316284
vt 10.668000221252441 0.22120000422000885
vt 9.448800086975098 2.049999952316284
vt 16.7335205078125 2.4384000301361084
vt 12.496800422668457 2.049999952316284
vt 10.668000221252441 2.049999952316284
vt 3.0480000972747803 2.049999952316284
vt 1.2192000150680542 2.049999952316284
vt 16.7335205078125 2.4384000301361084
vt 16.7335205078125 2.4384000301361084
vt 10.668000221252441 2.049999952316284
vt 9.448800086975098 2.049999952316284
vt 4.572000026702881 2.049999952316284
vt 3.0480000972747803 2.049999952316284
vt 16.7335205078125 2.4384000301361084
vt 16.7335205078125 2.4384000301361084
vt 9.448800086975098 2.049999952316284
vt 8.229599952697754 2.049999952316284
vt 5.486400127410889 2.049999952316284
vt 4.572000026702881 2.049999952316284
vt 16.7335205078125 2.4384000301361084
vt 16.7335205078125 2.4384000301361084
vt 8.229599952697754 2.049999952316284
vt 7.01039981842041 2.049999952316284
vt 7.01039981842041 2.049999952316284
vt 5.486400127410889 2.049999952316284
vt 16.7335205078125 2.4384000301361084
vt 12.496800422668457 0.22120000422000885
vt 3.0480000972747803 0.22120000422000885
vt 0 0
vt 0 2.4384000301361084
vt 0 0
vt 0.45719999074935913 1.135599970817566
vt 1.2192000150680542 1.135599970817566
vt 0.45719999074935913 1.135599970817566
vt 0 0
vt 0 0
vt 3.0480000972747803 0.22120000422000885
vt 3.0480000972747803 2.049999952316284
vt 4.572000026702881 2.049999952316284
vt 4.572000026702881 0.22120000422000885
vt 5.486400127410889 0.22120000422000885
vt 7.01039981842041 2.049999952316284
vt 7.01039981842041 0.22120000422000885
vt 8.229599952697754 1.135599970817566
vt 9.448800086975098 1.135599970817566
vt 8.229599952697754 1.135599970817566
vt 7.01039981842041 0.22120000422000885
vt 12.496800422668457 0.22120000422000885
vt 0 0
vt 16.7335205078125 0
vt 0 2.4384000301361084
vt 0.45719999074935913 1.135599970817566
vt 0.45719999074935913 2.049999952316284
vt 1.2192000150680542 1.135599970817566
vt 0 0
vt 3.0480000972747803 2.049999952316284
vt 4.572000026702881 2.049999952316284
vt 5.486400127410889 0.22120000422000885
vt 5.486400127410889 2.049999952316284
vt 7.01039981842041 2.049999952316284
vt 8.229599952697754 1.135599970817566
vt 8.229599952697754 2.049999952316284
vt 9.448800086975098 1.135599970817566
vt 7.01039981842041 0.22120000422000885
vt 10.668000221252441 0.22120000422000885
vt 12.496800422668457 2.049999952316284
vt 12.496800422668457 0.22120000422000885
vt 16.7335205078125 0
vt 16.7335205078125 2.4384000301361084
vt 0 2.4384000301361084
vt 0.45719999074935913 2.049999952316284
vt 1.2192000150680542 2.049999952316284
vt 1.2192000150680542 1.135599970817566
vt 3.0480000972747803 2.049999952316284
vt 9.448800086975098 2.049999952316284
vt 9.448800086975098 1.135599970817566
vt 10.668000221252441 0.22120000422000885
vt 12.496800422668457 2.049999952316284
vt 16.7335205078125 0
vt 16.7335205078125 2.4384000301361084
vt 16.7335205078125 2.4384000301361084
vt 0.45719999074935913 2.049999952316284
vt 1.2192000150680542 2.049999952316284
vt 9.448800086975098 2.049999952316284
vt 10.668000221252441 0.22120000422000885
vt 10.668000221252441 2.049999952316284
vt 10.668000221252441 2.049999952316284
vt 12.496800422668457 2.049999952316284
vt 16.7335205078125 2.4384000301361084
vt 16.7335205078125 2.4384000301361084
vt 1.2192000150680542 2.049999952316284
vt 3.0480000972747803 2.049999952316284
vt 9.448800086975098 2.049999952316284
vt 10.668000221252441 2.049999952316284
vt 16.7335205078125 2.4384000301361084
vt 16.7335205078125 2.4384000301361084
vt 3.0480000972747803 2.049999952316284
vt 4.572000026702881 2.049999952316284
vt 8.229599952697754 2.049999952316284
vt 9.448800086975098 2.049999952316284
vt 16.7335205078125 2.4384000301361084
vt 16.7335205078125 2.4384000301361084
vt 4.572000026702881 2.049999952316284
vt 5.486400127410889 2.049999952316284
vt 7.01039981842041 2.049999952316284
vt 8.229599952697754 2.049999952316284
vt 16.7335205078125 2.4384000301361084
vt 16.7335205078125 2.4384000301361084
vt 5.486400127410889 2.049999952316284
vt 7.01039981842041 2.049999952316284
vt 0 1
vt 16.7335205078125 1
vt 0 0.7988319993019104
vt 16.7335205078125 1
vt 16.7335205078125 0.7988319993019104
vt 0 0.7988319993019104
vt 0 1
vt 2.4384000301361084 1
vt 0 0.7988319993019104
vt 2.4384000301361084 1
vt 2.4384000301361084 0.7988319993019104
vt 0 0.7988319993019104
vt 16.7335205078125 1
vt 0 1
vt 16.7335205078125 0.7988319993019104
vt 0 1
vt 0 0.7988319993019104
vt 16.7335205078125 0.7988319993019104
vt 2.4384000301361084 1
vt 0 1
vt 2.4384000301361084 0.7988319993019104
vt 0 1
vt 0 0.7988319993019104
vt 2.4384000301361084 0.7988319993019104
vt 1.135599970817566 1
vt 2.049999952316284 1
vt 1.135599970817566 0.7988319993019104
vt 2.049999952316284 1
vt 2.049999952316284 0.7988319993019104
vt 1.135599970817566 0.7988319993019104
vt 0.45719999074935913 1
vt 1.2192000150680542 1
vt 0.45719999074935913 0.7988319993019104
vt 1.2192000150680542 1
vt 1.2192000150680542 0.7988319993019104
vt 0.45719999074935913 0.7988319993019104
vt 2.049999952316284 1
vt 1.135599970817566 1
vt 2.049999952316284 0.7988319993019104
vt 1.135599970817566 1
vt 1.135599970817566 0.7988319993019104
vt 2.049999952316284 0.7988319993019104
vt 1.2192000150680542 1
vt 0.45719999074935913 1
vt 1.2192000150680542 0.7988319993019104
vt 0.45719999074935913 1
vt 0.45719999074935913 0.7988319993019104
vt 1.2192000150680542 0.7988319993019104
vt 0.22120000422000885 1
vt 2.049999952316284 1
vt 0.22120000422000885 0.7988319993019104
vt 2.049999952316284 1
vt 2.049999952316284 0.7988319993019104
vt 0.22120000422000885 0.7988319993019104
vt 3.0480000972747803 1
vt 4.572000026702881 1
vt 3.0480000972747803 0.7988319993019104
vt 4.572000026702881 1
vt 4.572000026702881 0.7988319993019104
vt 3.0480000972747803 0.7988319993019104
vt 2.049999952316284 1
vt 0.22120000422000885 1
vt 2.049999952316284 0.7988319993019104
vt 0.22120000422000885 1
vt 0.22120000422000885 0.7988319993019104
vt 2.049999952316284 0.7988319993019104
vt 4.572000026702881 1
vt 3.0480000972747803 1
vt 4.572000026702881 0.7988319993019104
vt 3.0480000972747803 1
vt 3.0480000972747803 0.7988319993019104
vt 4.572000026702881 0.7988319993019104
vt 0.22120000422000885 1
vt 2.049999952316284 1
vt 0.22120000422000885 0.7988319993019104
vt 2.049999952316284 1
vt 2.049999952316284 0.7988319993019104
vt 0.22120000422000885 0.7988319993019104
vt 5.486400127410889 1
vt 7.01039981842041 1
vt 5.486400127410889 0.7988319993019104
vt 7.01039981842041 1
vt 7.01039981842041 0.7988319993019104
vt 5.486400127410889 0.7988319993019104
vt 2.049999952316284 1
vt 0.22120000422000885 1
vt 2.049999952316284 0.7988319993019104
vt 0.22120000422000885 1
vt 0.22120000422000885 0.7988319993019104
vt 2.049999952316284 0.7988319993019104
vt 7.01039981842041 1
vt 5.486400127410889 1
vt 7.01039981842041 0.7988319993019104
vt 5.486400127410889 1
vt 5.486400127410889 0.7988319993019104
vt 7.01039981842041 0.7988319993019104
vt 1.135599970817566 1
vt 2.049999952316284 1
vt 1.135599970817566 0.7988319993019104
vt 2.049999952316284 1
vt 2.049999952316284 0.7988319993019104
vt 1.135599970817566 0.7988319993019104
vt 8.229599952697754 1
vt 9.448800086975098 1
vt 8.229599952697754 0.7988319993019104
vt 9.448800086975098 1
vt 9.448800086975098 0.7988319993019104
vt 8.229599952697754 0.7988319993019104
vt 2.049999952316284 1
vt 1.135599970817566 1
vt 2.049999952316284 0.7988319993019104
vt 1.135599970817566 1
vt 1.135599970817566 0.7988319993019104
vt 2.049999952316284 0.7988319993019104
vt 9.448800086975098 1
vt 8.229599952697754 1
vt 9.448800086975098 0.7988319993019104
vt 8.229599952697754 1
vt 8.229599952697754 0.7988319993019104
vt 9.448800086975098 0.7988319993019104
vt 0.22120000422000885 1
vt 2.049999952316284 1
vt 0.22120000422000885 0.7988319993019104
vt 2.049999952316284 1
vt 2.049999952316284 0.7988319993019104
vt 0.22120000422000885 0.7988319993019104
vt 10.668000221252441 1
vt 12.496800422668457 1
vt 10.668000221252441 0.7988319993019104
vt 12.496800422668457 1
vt 12.496800422668457 0.7988319993019104
vt 10.668000221252441 0.7988319993019104
vt 2.049999952316284 1
vt 0.22120000422000885 1
vt 2.049999952316284 0.7988319993019104
vt 0.22120000422000885 1
vt 0.22120000422000885 0.7988319993019104
vt 2.049999952316284 0.7988319993019104
vt 12.496800422668457 1
vt 10.668000221252441 1
vt 12.496800422668457 0.7988319993019104
vt 10.668000221252441 1
vt 10.668000221252441 0.7988319993019104
vt 12.496800422668457 0.7988319993019104
vn 0 0 -1
vn 0 0 -1
vn 0 0 -1
vn 0 0 -1
vn 0 0 -1
vn 0 0 -1
vn 0 0 -1
vn 0 0 -1
vn 0 0 -1
vn 0 0 -1
vn 0 0 -1
vn 0 0 -1
vn 0 0 -1
vn 0 0 -1
vn 0 0 -1
vn 0 0 -1
vn 0 0 -1
vn 0 0 -1
vn 0 0 -1
vn 0 0 -1
vn 0 0 -1
vn 0 0 -1
vn 0 0 -1
vn 0 0 -1
vn 0 0 -1
vn 0 0 -1
vn 0 0 -1
vn 0 0 -1
vn 0 0 -1
vn 0 0 -1
vn 0 0 -1
vn 0 0 -1
vn 0 0 -1
vn 0 0 -1
vn 0 0 -1
vn 0 0 -1
vn 0 0 -1
vn 0 0 -1
vn 0 0 -1
vn 0 0 -1
vn 0 0 -1
vn 0 0 -1
vn 0 0 -1
vn 0 0 -1
vn 0 0 -1
vn 0 0 -1
vn 0 0 -1
vn 0 0 -1
vn 0 0 -1
vn 0 0 -1
vn 0 0 -1
vn 0 0 -1
vn 0 0 -1
vn 0 0 -1
vn 0 0 -1
vn 0 0 -1
vn 0 0 -1
vn 0 0 -1
vn 0 0 -1
vn 0 0 -1
vn 0 0 -1
vn 0 0 -1
vn 0 0 -1
vn 0 0 -1
vn 0 0 -1
vn 0 0 -1
vn 0 0 -1
vn 0 0 -1
vn 0 0 -1
vn 0 0 -1
vn 0 0 -1
vn 0 0 -1
vn 0 0 -1
vn 0 0 -1
vn 0 0 -1
vn 0 0 -1
vn 0 0 -1
vn 0 0 -1
vn 0 0 -1
vn 0 0 -1
vn 0 0 -1
vn 0 0 -1
vn 0 0 -1
vn 0 0 -1
vn 0 0 1
vn 0 0 1
vn 0 0 1
vn 0 0 1
vn 0 0 1
vn 0 0 1
vn 0 0 1
vn 0 0 1
vn 0 0 1
vn 0 0 1
vn 0 0 1
vn 0 0 1
vn 0 0 1
vn 0 0 1
vn 0 0 1
vn 0 0 1
vn 0 0 1
vn 0 0 1
vn 0 0 1
vn 0 0 1
vn 0 0 1
vn 0 0 1
vn 0 0 1
vn 0 0 1
vn 0 0 1
vn 0 0 1
vn 0 0 1
vn 0 0 1
vn 0 0 1
vn 0 0 1
vn 0 0 1
vn 0 0 1
vn 0 0 1
vn 0 0 1
vn 0 0 1
vn 0 0 1
vn 0 0 1
vn 0 0 1
vn 0 0 1
vn 0 0 1
vn 0 0 1
vn 0 0 1
vn 0 0 1
vn 0 0 1
vn 0 0 1
vn 0 0 1
vn 0 0 1
vn 0 0 1
vn 0 0 1
vn 0 0 1
vn 0 0 1
vn 0 0 1
vn 0 0 1
vn 0 0 1
vn 0 0 1
vn 0 0 1
vn 0 0 1
vn 0 0 1
vn 0 0 1
vn 0 0 1
vn 0 0 1
vn 0 0 1
vn 0 0 1
vn 0 0 1
vn 0 0 1
vn 0 0 1
vn 0 0 1
vn 0 0 1
vn 0 0 1
vn 0 0 1
vn 0 0 1
vn 0 0 1
vn 0 0 1
vn 0 0 1
vn 0 0 1
vn 0 0 1
vn 0 0 1
vn 0 0 1
vn 0 0 1
vn 0 0 1
vn 0 0 1
vn 0 0 1
vn 0 0 1
vn 0 0 1
vn 0 -1 0
vn 0 -1 0
vn 0 -1 0
vn 0 -1 0
vn 0 -1 0
vn 0 -1 0
vn 1 0 0
vn 1 0 0
vn 1 0 0
vn 1 0 0
vn 1 0 0
vn 1 0 0
vn 0 1 0
vn 0 1 0
vn 0 1 0
vn 0 1 0
vn 0 1 0
vn 0 1 0
vn -1 0 0
vn -1 0 0
vn -1 0 0
vn -1 0 0
vn -1 0 0
vn -1 0 0
vn 1 0 0
vn 1 0 0
vn 1 0 0
vn 1 0 0
vn 1 0 0
vn 1 0 0
vn 0 -1 0
vn 0 -1 0
vn 0 -1 0
vn 0 -1 0
vn 0 -1 0
vn 0 -1 0
vn -1 0 0
vn -1 0 0
vn -1 0 0
vn -1 0 0
vn -1 0 0
vn -1 0 0
vn 0 1 0
vn 0 1 0
vn 0 1 0
vn 0 1 0
vn 0 1 0
vn 0 1 0
vn 1 0 0
vn 1 0 0
vn 1 0 0
vn 1 0 0
vn 1 0 0
vn 1 0 0
vn 0 -1 0
vn 0 -1 0
vn 0 -1 0
vn 0 -1 0
vn 0 -1 0
vn 0 -1 0
vn -1 0 0
vn -1 0 0
vn -1 0 0
vn -1 0 0
vn -1 0 0
vn -1 0 0
vn 0 1 0
vn 0 1 0
vn 0 1 0
vn 0 1 0
vn 0 1 0
vn 0 1 0
vn 1 0 0
vn 1 0 0
vn 1 0 0
vn 1 0 0
vn 1 0 0
vn 1 0 0
vn 0 -1 0
vn 0 -1 0
vn 0 -1 0
vn 0 -1 0
vn 0 -1 0
vn 0 -1 0
vn -1 0 0
vn -1 0 0
vn -1 0 0
vn -1 0 0
vn -1 0 0
vn -1 0 0
vn 0 1 0
vn 0 1 0
vn 0 1 0
vn 0 1 0
vn 0 1 0
vn 0 1 0
vn 1 0 0
vn 1 0 0
vn 1 0 0
vn 1 0 0
vn 1 0 0
vn 1 0 0
vn 0 -1 0
vn 0 -1 0
vn 0 -1 0
vn 0 -1 0
vn 0 -1 0
vn 0 -1 0
vn -1 0 0
vn -1 0 0
vn -1 0 0
vn -1 0 0
vn -1 0 0
vn -1 0 0
vn 0 1 0
vn 0 1 0
vn 0 1 0
vn 0 1 0
vn 0 1 0
vn 0 1 0
vn 1 0 0
vn 1 0 0
vn 1 0 0
vn 1 0 0
vn 1 0 0
vn 1 0 0
vn 0 -1 0
vn 0 -1 0
vn 0 -1 0
vn 0 -1 0
vn 0 -1 0
vn 0 -1 0
vn -1 0 0
vn -1 0 0
vn -1 0 0
vn -1 0 0
vn -1 0 0
vn -1 0 0
vn 0 1 0
vn 0 1 0
vn 0 1 0
vn 0 1 0
vn 0 1 0
vn 0 1 0
f 1/1/1 2/2/2 3/3/3
f 4/4/4 5/5/5 6/6/6
f 7/7/7 8/8/8 9/9/9
f 10/10/10 11/11/11 12/12/12
f 13/13/13 14/14/14 15/15/15
f 16/16/16 17/17/17 18/18/18
f 19/19/19 20/20/20 21/21/21
f 22/22/22 23/23/23 24/24/24
f 25/25/25 26/26/26 27/27/27
f 28/28/28 29/29/29 30/30/30
f 31/31/31 32/32/32 33/33/33
f 34/34/34 35/35/35 36/36/36
f 37/37/37 38/38/38 39/39/39
f 40/40/40 41/41/41 42/42/42
f 43/43/43 44/44/44 45/45/45
f 46/46/46 47/47/47 48/48/48
f 49/49/49 50/50/50 51/51/51
f 52/52/52 53/53/53 54/54/54
f 55/55/55 56/56/56 57/57/57
f 58/58/58 59/59/59 60/60/60
f 61/61/61 62/62/62 63/63/63
f 64/64/64 65/65/65 66/66/66
f 67/67/67 68/68/68 69/69/69
f 70/70/70 71/71/71 72/72/72
f 73/73/73 74/74/74 75/75/75
f 76/76/76 77/77/77 78/78/78
f 79/79/79 80/80/80 81/81/81
f 82/82/82 83/83/83 84/84/84
f 85/85/85 86/86/86 87/87/87
f 88/88/88 89/89/89 90/90/90
f 91/91/91 92/92/92 93/93/93
f 94/94/94 95/95/95 96/96/96
f 97/97/97 98/98/98 99/99/99
f 100/100/100 101/101/101 102/102/102
f 103/103/103 104/104/104 105/105/105
f 106/106/106 107/107/107 108/108/108
f 109/109/109 110/110/110 111/111/111
f 112/112/112 113/113/113 114/114/114
f 115/115/115 116/116/116 117/117/117
f 118/118/118 119/119/119 120/120/120
f 121/121/121 122/122/122 123/123/123
f 124/124/124 125/125/125 126/126/126
f 127/127/127 128/128/128 129/129/129
f 130/130/130 131/131/131 132/132/132
f 133/133/133 134/134/134 135/135/135
f 136/136/136 137/137/137 138/138/138
f 139/139/139 140/140/140 141/141/141
f 142/142/142 143/143/143 144/144/144
f 145/145/145 146/146/146 147/147/147
f 148/148/148 149/149/149 150/150/150
f 151/151/151 152/152/152 153/153/153
f 154/154/154 155/155/155 156/156/156
f 157/157/157 158/158/158 159/159/159
f 160/160/160 161/161/161 162/162/162
f 163/163/163 164/164/164 165/165/165
f 166/166/166 167/167/167 168/168/168
f 169/169/169 170/170/170 171/171/171
f 172/172/172 173/173/173 174/174/174
f 175/175/175 176/176/176 177/177/177
f 178/178/178 179/179/179 180/180/180
f 181/181/181 182/182/182 183/183/183
f 184/184/184 185/185/185 186/186/186
f 187/187/187 188/188/188 189/189/189
f 190/190/190 191/191/191 192/192/192
f 193/193/193 194/194/194 195/195/195
f 196/196/196 197/197/197 198/198/198
f 199/199/199 200/200/200 201/201/201
f 202/202/202 203/203/203 204/204/204
f 205/205/205 206/206/206 207/207/207
f 208/208/208 209/209/209 210/210/210
f 211/211/211 212/212/212 213/213/213
f 214/214/214 215/215/215 216/216/216
f 217/217/217 218/218/218 219/219/219
f 220/220/220 221/221/221 222/222/222
f 223/223/223 224/224/224 225/225/225
f 226/226/226 227/227/227 228/228/228
f 229/229/229 230/230/230 231/231/231
f 232/232/232 233/233/233 234/234/234
f 235/235/235 236/236/236 237/237/237
f 238/238/238 239/239/239 240/240/240
f 241/241/241 242/242/242 243/243/243
f 244/244/244 245/245/245 246/246/246
f 247/247/247 248/248/248 249/249/249
f 250/250/250 251/251/251 252/252/252
f 253/253/253 254/254/254 255/255/255
f 256/256/256 257/257/257 258/258/258
f 259/259/259 260/260/260 261/261/261
f 262/262/262 263/263/263 264/264/264
f 265/265/265 266/266/266 267/267/267
f 268/268/268 269/269/269 270/270/270
f 271/271/271 272/272/272 273/273/273
f 274/274/274 275/275/275 276/276/276
f 277/277/277 278/278/278 279/279/279
f 280/280/280 281/281/281 282/282/282
f 283/283/283 284/284/284 285/285/285
f 286/286/286 287/287/287 288/288/288
f 289/289/289 290/290/290 291/291/291
f 292/292/292 293/293/293 294/294/294
f 295/295/295 296/296/296 297/297/297
f 298/298/298 299/299/299 300/300/300
f 301/301/301 302/302/302 303/303/303
f 304/304/304 305/305/305 306/306/306
f 307/307/307 308/308/308 309/309/309
f 310/310/310 311/311/311 312/312/312
o 
v 16.834104000349047 0 -2.2334134619282864e-17
v 16.834104000349047 2.4384000301361084 -2.2334134619282864e-17
v 16.83410400034905 2.4384000301361084 13.197839736938477
v 16.83410400034905 2.4384000301361084 13.197839736938477
v 16.83410400034905 0 13.197839736938477
v 16.834104000349047 0 -2.2334134619282864e-17
v 16.63293599965096 2.4384000301361084 13.197839736938477
v 16.632935999650957 2.4384000301361084 2.2334134619282864e-17
v 16.632935999650957 0 2.2334134619282864e-17
v 16.632935999650957 0 2.2334134619282864e-17
v 16.63293599965096 0 13.197839736938477
v 16.63293599965096 2.4384000301361084 13.197839736938477
v 16.834104000349047 0 -2.2334134619282864e-17
v 16.83410400034905 0 13.197839736938477
v 16.632935999650957 0 2.2334134619282864e-17
v 16.83410400034905 0 13.197839736938477
v 16.63293599965096 0 13.197839736938477
v 16.632935999650957 0 2.2334134619282864e-17
v 16.83410400034905 0 13.197839736938477
v 16.83410400034905 2.4384000301361084 13.197839736938477
v 16.63293599965096 0 13.197839736938477
v 16.83410400034905 2.4384000301361084 13.197839736938477
v 16.63293599965096 2.4384000301361084 13.197839736938477
v 16.63293599965096 0 13.197839736938477
v 16.83410400034905 2.4384000301361084 13.197839736938477
v 16.834104000349047 2.4384000301361084 -2.2334134619282864e-17
v 16.63293599965096 2.4384000301361084 13.197839736938477
v 16.834104000349047 2.4384000301361084 -2.2334134619282864e-17
v 16.632935999650957 2.4384000301361084 2.2334134619282864e-17
v 16.63293599965096 2.4384000301361084 13.197839736938477
v 16.834104000349047 2.4384000301361084 -2.2334134619282864e-17
v 16.834104000349047 0 -2.2334134619282864e-17
v 16.632935999650957 2.4384000301361084 2.2334134619282864e-17
v 16.834104000349047 0 -2.2334134619282864e-17
v 16.632935999650957 0 2.2334134619282864e-17
v 16.632935999650957 2.4384000301361084 2.2334134619282864e-17
vt 0 0
vt 0 2.4384000301361084
vt 13.197839736938477 2.4384000301361084
vt 13.197839736938477 2.4384000301361084
vt 13.197839736938477 0
vt 0 0
vt 13.197839736938477 2.4384000301361084
vt 0 2.4384000301361084
vt 0 0
vt 0 0
vt 13.197839736938477 0
vt 13.197839736938477 2.4384000301361084
vt 0 1
vt 13.197839736938477 1
vt 0 0.7988319993019104
vt 13.197839736938477 1
vt 13.197839736938477 0.7988319993019104
vt 0 0.7988319993019104
vt 0 1
vt 2.4384000301361084 1
vt 0 0.7988319993019104
vt 2.4384000301361084 1
vt 2.4384000301361084 0.7988319993019104
vt 0 0.7988319993019104
vt 13.197839736938477 1
vt 0 1
vt 13.197839736938477 0.7988319993019104
vt 0 1
vt 0 0.7988319993019104
vt 13.197839736938477 0.7988319993019104
vt 2.4384000301361084 1
vt 0 1
vt 2.4384000301361084 0.7988319993019104
vt 0 1
vt 0 0.7988319993019104
vt 2.4384000301361084 0.7988319993019104
vn 1 0 -2.220446049250313e-16
vn 1 0 -2.220446049250313e-16
vn 1 0 -2.220446049250313e-16
vn 1 0 -2.220446049250313e-16
vn 1 0 -2.220446049250313e-16
vn 1 0 -2.220446049250313e-16
vn -1 0 2.220446049250313e-16
vn -1 0 2.220446049250313e-16
vn -1 0 2.220446049250313e-16
vn -1 0 2.220446049250313e-16
vn -1 0 2.220446049250313e-16
vn -1 0 2.220446049250313e-16
vn 0 -1 0
vn 0 -1 0
vn 0 -1 0
vn 0 -1 0
vn 0 -1 0
vn 0 -1 0
vn 2.220446049250313e-16 0 1
vn 2.220446049250313e-16 0 1
vn 2.220446049250313e-16 0 1
vn 2.220446049250313e-16 0 1
vn 2.220446049250313e-16 0 1
vn 2.220446049250313e-16 0 1
vn 0 1 0
vn 0 1 0
vn 0 1 0
vn 0 1 0
vn 0 1 0
vn 0 1 0
vn -2.220446049250313e-16 0 -1
vn -2.220446049250313e-16 0 -1
vn -2.220446049250313e-16 0 -1
vn -2.220446049250313e-16 0 -1
vn -2.220446049250313e-16 0 -1
vn -2.220446049250313e-16 0 -1
f 313/313/313 314/314/314 315/315/315
f 316/316/316 317/317/317 318/318/318
f 319/319/319 320/320/320 321/321/321
f 322/322/322 323/323/323 324/324/324
f 325/325/325 326/326/326 327/327/327
f 328/328/328 329/329/329 330/330/330
f 331/331/331 332/332/332 333/333/333
f 334/334/334 335/335/335 336/336/336
f 337/337/337 338/338/338 339/339/339
f 340/340/340 341/341/341 342/342/342
f 343/343/343 344/344/344 345/345/345
f 346/346/346 347/347/347 348/348/348
o 
v 16.581119998116495 2.2860000133514404 13.298424000349044
v 16.581119998116495 0 13.298424000349044
v 16.733520000000002 0 13.298424000349044
v 16.733520000000002 2.4384000301361084 13.298424000349044
v 13.411200015563967 2.4384000301361084 13.298424000349044
v 13.411200015563967 0 13.298424000349044
v 16.581119998116495 2.2860000133514404 13.298424000349044
v 16.733520000000002 0 13.298424000349044
v 16.733520000000002 2.4384000301361084 13.298424000349044
v 16.581119998116495 2.2860000133514404 13.298424000349044
v 16.733520000000002 2.4384000301361084 13.298424000349044
v 13.411200015563967 0 13.298424000349044
v 16.733520000000002 0 13.097255999650955
v 16.581119998116495 0 13.097255999650955
v 16.581119998116495 2.2860000133514404 13.097255999650955
v 13.411200015563967 0 13.097255999650955
v 13.411200015563967 2.4384000301361084 13.097255999650955
v 16.733520000000002 2.4384000301361084 13.097255999650955
v 16.733520000000002 2.4384000301361084 13.097255999650955
v 16.733520000000002 0 13.097255999650955
v 16.581119998116495 2.2860000133514404 13.097255999650955
v 13.411200015563967 0 13.097255999650955
v 16.733520000000002 2.4384000301361084 13.097255999650955
v 16.581119998116495 2.2860000133514404 13.097255999650955
v 16.733520000000002 0 13.298424000349044
v 13.411200015563967 0 13.298424000349044
v 16.733520000000002 0 13.097255999650955
v 13.411200015563967 0 13.298424000349044
v 13.411200015563967 0 13.097255999650955
v 16.733520000000002 0 13.097255999650955
v 13.411200015563967 0 13.298424000349044
v 13.411200015563967 2.4384000301361084 13.298424000349044
v 13.411200015563967 0 13.097255999650955
v 13.411200015563967 2.4384000301361084 13.298424000349044
v 13.411200015563967 2.4384000301361084 13.097255999650955
v 13.411200015563967 0 13.097255999650955
v 13.411200015563967 2.4384000301361084 13.298424000349044
v 16.733520000000002 2.4384000301361084 13.298424000349044
v 13.411200015563967 2.4384000301361084 13.097255999650955
v 16.733520000000002 2.4384000301361084 13.298424000349044
v 16.733520000000002 2.4384000301361084 13.097255999650955
v 13.411200015563967 2.4384000301361084 13.097255999650955
v 16.733520000000002 2.4384000301361084 13.298424000349044
v 16.733520000000002 0 13.298424000349044
v 16.733520000000002 2.4384000301361084 13.097255999650955
v 16.733520000000002 0 13.298424000349044
v 16.733520000000002 0 13.097255999650955
v 16.733520000000002 2.4384000301361084 13.097255999650955
v 16.581119998116495 0 13.298424000349044
v 16.581119998116495 2.2860000133514404 13.298424000349044
v 16.581119998116495 0 13.097255999650955
v 16.581119998116495 2.2860000133514404 13.298424000349044
v 16.581119998116495 2.2860000133514404 13.097255999650955
v 16.581119998116495 0 13.097255999650955
v 16.581119998116495 2.2860000133514404 13.298424000349044
v 13.380720107574465 2.2860000133514404 13.298424000349044
v 16.581119998116495 2.2860000133514404 13.097255999650955
v 13.380720107574465 2.2860000133514404 13.298424000349044
v 13.380720107574465 2.2860000133514404 13.097255999650955
v 16.581119998116495 2.2860000133514404 13.097255999650955
v 13.380720107574465 2.2860000133514404 13.298424000349044
v 13.380720107574465 0 13.298424000349044
v 13.380720107574465 2.2860000133514404 13.097255999650955
v 13.380720107574465 0 13.298424000349044
v 13.380720107574465 0 13.097255999650955
v 13.380720107574465 2.2860000133514404 13.097255999650955
v 13.380720107574465 0 13.298424000349044
v 16.581119998116495 0 13.298424000349044
v 13.380720107574465 0 13.097255999650955
v 16.581119998116495 0 13.298424000349044
v 16.581119998116495 0 13.097255999650955
v 13.380720107574465 0 13.097255999650955
vt 0.15240000188350677 2.2860000133514404
vt 0.15240000188350677 0
vt 0 0
vt 0 2.4384000301361084
vt 3.322319984436035 2.4384000301361084
vt 3.322319984436035 0
vt 0.15240000188350677 2.2860000133514404
vt 0 0
vt 0 2.4384000301361084
vt 0.15240000188350677 2.2860000133514404
vt 0 2.4384000301361084
vt 3.322319984436035 0
vt 0 0
vt 0.15240000188350677 0
vt 0.15240000188350677 2.2860000133514404
vt 3.322319984436035 0
vt 3.322319984436035 2.4384000301361084
vt 0 2.4384000301361084
vt 0 2.4384000301361084
vt 0 0
vt 0.15240000188350677 2.2860000133514404
vt 3.322319984436035 0
vt 0 2.4384000301361084
vt 0.15240000188350677 2.2860000133514404
vt 0 1
vt 3.322319984436035 1
vt 0 0.7988319993019104
vt 3.322319984436035 1
vt 3.322319984436035 0.7988319993019104
vt 0 0.7988319993019104
vt 0 1
vt 2.4384000301361084 1
vt 0 0.7988319993019104
vt 2.4384000301361084 1
vt 2.4384000301361084 0.7988319993019104
vt 0 0.7988319993019104
vt 3.322319984436035 1
vt 0 1
vt 3.322319984436035 0.7988319993019104
vt 0 1
vt 0 0.7988319993019104
vt 3.322319984436035 0.7988319993019104
vt 2.4384000301361084 1
vt 0 1
vt 2.4384000301361084 0.7988319993019104
vt 0 1
vt 0 0.7988319993019104
vt 2.4384000301361084 0.7988319993019104
vt 0 1
vt 2.2860000133514404 1
vt 0 0.7988319993019104
vt 2.2860000133514404 1
vt 2.2860000133514404 0.7988319993019104
vt 0 0.7988319993019104
vt 0.15240000188350677 1
vt 3.352799892425537 1
vt 0.15240000188350677 0.7988319993019104
vt 3.352799892425537 1
vt 3.352799892425537 0.7988319993019104
vt 0.15240000188350677 0.7988319993019104
vt 2.2860000133514404 1
vt 0 1
vt 2.2860000133514404 0.7988319993019104
vt 0 1
vt 0 0.7988319993019104
vt 2.2860000133514404 0.7988319993019104
vt 3.352799892425537 1
vt 0.15240000188350677 1
vt 3.352799892425537 0.7988319993019104
vt 0.15240000188350677 1
vt 0.15240000188350677 0.7988319993019104
vt 3.352799892425537 0.7988319993019104
vn 1.2246467991473532e-16 0 1
vn 1.2246467991473532e-16 0 1
vn 1.2246467991473532e-16 0 1
vn 1.2246467991473532e-16 0 1
vn 1.2246467991473532e-16 0 1
vn 1.2246467991473532e-16 0 1
vn 1.2246467991473532e-16 0 1
vn 1.2246467991473532e-16 0 1
vn 1.2246467991473532e-16 0 1
vn 1.2246467991473532e-16 0 1
vn 1.2246467991473532e-16 0 1
vn 1.2246467991473532e-16 0 1
vn -1.2246467991473532e-16 0 -1
vn -1.2246467991473532e-16 0 -1
vn -1.2246467991473532e-16 0 -1
vn -1.2246467991473532e-16 0 -1
vn -1.2246467991473532e-16 0 -1
vn -1.2246467991473532e-16 0 -1
vn -1.2246467991473532e-16 0 -1
vn -1.2246467991473532e-16 0 -1
vn -1.2246467991473532e-16 0 -1
vn -1.2246467991473532e-16 0 -1
vn -1.2246467991473532e-16 0 -1
vn -1.2246467991473532e-16 0 -1
vn 0 -1 0
vn 0 -1 0
vn 0 -1 0
vn 0 -1 0
vn 0 -1 0
vn 0 -1 0
vn -1 0 1.2246467991473532e-16
vn -1 0 1.2246467991473532e-16
vn -1 0 1.2246467991473532e-16
vn -1 0 1.2246467991473532e-16
vn -1 0 1.2246467991473532e-16
vn -1 0 1.2246467991473532e-16
vn 0 1 0
vn 0 1 0
vn 0 1 0
vn 0 1 0
vn 0 1 0
vn 0 1 0
vn 1 0 -1.2246467991473532e-16
vn 1 0 -1.2246467991473532e-16
vn 1 0 -1.2246467991473532e-16
vn 1 0 -1.2246467991473532e-16
vn 1 0 -1.2246467991473532e-16
vn 1 0 -1.2246467991473532e-16
vn -1 0 1.2246467991473532e-16
vn -1 0 1.2246467991473532e-16
vn -1 0 1.2246467991473532e-16
vn -1 0 1.2246467991473532e-16
vn -1 0 1.2246467991473532e-16
vn -1 0 1.2246467991473532e-16
vn 0 -1 0
vn 0 -1 0
vn 0 -1 0
vn 0 -1 0
vn 0 -1 0
vn 0 -1 0
vn 1 0 -1.2246467991473532e-16
vn 1 0 -1.2246467991473532e-16
vn 1 0 -1.2246467991473532e-16
vn 1 0 -1.2246467991473532e-16
vn 1 0 -1.2246467991473532e-16
vn 1 0 -1.2246467991473532e-16
vn 0 1 0
vn 0 1 0
vn 0 1 0
vn 0 1 0
vn 0 1 0
vn 0 1 0
f 349/349/349 350/350/350 351/351/351
f 352/352/352 353/353/353 354/354/354
f 355/355/355 356/356/356 357/357/357
f 358/358/358 359/359/359 360/360/360
f 361/361/361 362/362/362 363/363/363
f 364/364/364 365/365/365 366/366/366
f 367/367/367 368/368/368 369/369/369
f 370/370/370 371/371/371 372/372/372
f 373/373/373 374/374/374 375/375/375
f 376/376/376 377/377/377 378/378/378
f 379/379/379 380/380/380 381/381/381
f 382/382/382 383/383/383 384/384/384
f 385/385/385 386/386/386 387/387/387
f 388/388/388 389/389/389 390/390/390
f 391/391/391 392/392/392 393/393/393
f 394/394/394 395/395/395 396/396/396
f 397/397/397 398/398/398 399/399/399
f 400/400/400 401/401/401 402/402/402
f 403/403/403 404/404/404 405/405/405
f 406/406/406 407/407/407 408/408/408
f 409/409/409 410/410/410 411/411/411
f 412/412/412 413/413/413 414/414/414
f 415/415/415 416/416/416 417/417/417
f 418/418/418 419/419/419 420/420/420
o 
v 13.310615999650956 0 13.19784
v 13.310615999650956 2.4384000301361084 13.19784
v 13.310615999650958 2.4384000301361084 7.010400081481933
v 13.310615999650958 2.4384000301361084 7.010400081481933
v 13.310615999650958 0 7.010400081481933
v 13.310615999650956 0 13.19784
v 13.511784000349047 2.4384000301361084 7.010400081481933
v 13.511784000349046 2.4384000301361084 13.19784
v 13.511784000349046 0 13.19784
v 13.511784000349046 0 13.19784
v 13.511784000349047 0 7.010400081481933
v 13.511784000349047 2.4384000301361084 7.010400081481933
v 13.310615999650956 0 13.19784
v 13.310615999650958 0 7.010400081481933
v 13.511784000349046 0 13.19784
v 13.310615999650958 0 7.010400081481933
v 13.511784000349047 0 7.010400081481933
v 13.511784000349046 0 13.19784
v 13.310615999650958 0 7.010400081481933
v 13.310615999650958 2.4384000301361084 7.010400081481933
v 13.511784000349047 0 7.010400081481933
v 13.310615999650958 2.4384000301361084 7.010400081481933
v 13.511784000349047 2.4384000301361084 7.010400081481933
v 13.511784000349047 0 7.010400081481933
v 13.310615999650958 2.4384000301361084 7.010400081481933
v 13.310615999650956 2.4384000301361084 13.19784
v 13.511784000349047 2.4384000301361084 7.010400081481933
v 13.310615999650956 2.4384000301361084 13.19784
v 13.511784000349046 2.4384000301361084 13.19784
v 13.511784000349047 2.4384000301361084 7.010400081481933
v 13.310615999650956 2.4384000301361084 13.19784
v 13.310615999650956 0 13.19784
v 13.511784000349046 2.4384000301361084 13.19784
v 13.310615999650956 0 13.19784
v 13.511784000349046 0 13.19784
v 13.511784000349046 2.4384000301361084 13.19784
vt 0 0
vt 0 2.4384000301361084
vt 6.187439918518066 2.4384000301361084
vt 6.187439918518066 2.4384000301361084
vt 6.187439918518066 0
vt 0 0
vt 6.187439918518066 2.4384000301361084
vt 0 2.4384000301361084
vt 0 0
vt 0 0
vt 6.187439918518066 0
vt 6.187439918518066 2.4384000301361084
vt 0 1
vt 6.187439918518066 1
vt 0 0.7988319993019104
vt 6.187439918518066 1
vt 6.187439918518066 0.7988319993019104
vt 0 0.7988319993019104
vt 0 1
vt 2.4384000301361084 1
vt 0 0.7988319993019104
vt 2.4384000301361084 1
vt 2.4384000301361084 0.7988319993019104
vt 0 0.7988319993019104
vt 6.187439918518066 1
vt 0 1
vt 6.187439918518066 0.7988319993019104
vt 0 1
vt 0 0.7988319993019104
vt 6.187439918518066 0.7988319993019104
vt 2.4384000301361084 1
vt 0 1
vt 2.4384000301361084 0.7988319993019104
vt 0 1
vt 0 0.7988319993019104
vt 2.4384000301361084 0.7988319993019104
vn -1 0 -2.220446049250313e-16
vn -1 0 -2.220446049250313e-16
vn -1 0 -2.220446049250313e-16
vn -1 0 -2.220446049250313e-16
vn -1 0 -2.220446049250313e-16
vn -1 0 -2.220446049250313e-16
vn 1 0 2.220446049250313e-16
vn 1 0 2.220446049250313e-16
vn 1 0 2.220446049250313e-16
vn 1 0 2.220446049250313e-16
vn 1 0 2.220446049250313e-16
vn 1 0 2.220446049250313e-16
vn 0 -1 0
vn 0 -1 0
vn 0 -1 0
vn 0 -1 0
vn 0 -1 0
vn 0 -1 0
vn 2.220446049250313e-16 0 -1
vn 2.220446049250313e-16 0 -1
vn 2.220446049250313e-16 0 -1
vn 2.220446049250313e-16 0 -1
vn 2.220446049250313e-16 0 -1
vn 2.220446049250313e-16 0 -1
vn 0 1 0
vn 0 1 0
vn 0 1 0
vn 0 1 0
vn 0 1 0
vn 0 1 0
vn -2.220446049250313e-16 0 1
vn -2.220446049250313e-16 0 1
vn -2.220446049250313e-16 0 1
vn -2.220446049250313e-16 0 1
vn -2.220446049250313e-16 0 1
vn -2.220446049250313e-16 0 1
f 421/421/421 422/422/422 423/423/423
f 424/424/424 425/425/425 426/426/426
f 427/427/427 428/428/428 429/429/429
f 430/430/430 431/431/431 432/432/432
f 433/433/433 434/434/434 435/435/435
f 436/436/436 437/437/437 438/438/438
f 439/439/439 440/440/440 441/441/441
f 442/442/442 443/443/443 444/444/444
f 445/445/445 446/446/446 447/447/447
f 448/448/448 449/449/449 450/450/450
f 451/451/451 452/452/452 453/453/453
f 454/454/454 455/455/455 456/456/456
o 
v 11.582400037002564 2.049999952316284 7.110984000349045
v 11.582400037002564 0.5260000228881836 7.110984000349045
v 13.411200000000001 0 7.110984000349045
v 13.411200000000001 0 7.110984000349045
v 11.582400037002564 0.5260000228881836 7.110984000349045
v 10.058400107574464 0.5260000228881836 7.110984000349045
v 11.582400037002564 2.049999952316284 7.110984000349045
v 13.411200000000001 0 7.110984000349045
v 13.411200000000001 2.4384000301361084 7.110984000349045
v 8.83919997329712 0 7.110984000349046
v 13.411200000000001 0 7.110984000349045
v 10.058400107574464 0.5260000228881836 7.110984000349045
v 11.582400037002564 2.049999952316284 7.110984000349045
v 13.411200000000001 2.4384000301361084 7.110984000349045
v 8.83919997329712 2.4384000301361084 7.110984000349046
v 8.83919997329712 0 7.110984000349046
v 10.058400107574464 0.5260000228881836 7.110984000349045
v 10.058400107574464 2.049999952316284 7.110984000349045
v 10.058400107574464 2.049999952316284 7.110984000349045
v 11.582400037002564 2.049999952316284 7.110984000349045
v 8.83919997329712 2.4384000301361084 7.110984000349046
v 8.83919997329712 2.4384000301361084 7.110984000349046
v 8.83919997329712 0 7.110984000349046
v 10.058400107574464 2.049999952316284 7.110984000349045
v 13.411200000000001 0 6.909815999650956
v 11.582400037002564 0.5260000228881836 6.909815999650956
v 11.582400037002564 2.049999952316284 6.909815999650956
v 10.058400107574464 0.5260000228881836 6.909815999650956
v 11.582400037002564 0.5260000228881836 6.909815999650956
v 13.411200000000001 0 6.909815999650956
v 13.411200000000001 2.4384000301361084 6.909815999650956
v 13.411200000000001 0 6.909815999650956
v 11.582400037002564 2.049999952316284 6.909815999650956
v 10.058400107574464 0.5260000228881836 6.909815999650956
v 13.411200000000001 0 6.909815999650956
v 8.83919997329712 0 6.909815999650957
v 8.83919997329712 2.4384000301361084 6.909815999650957
v 13.411200000000001 2.4384000301361084 6.909815999650956
v 11.582400037002564 2.049999952316284 6.909815999650956
v 10.058400107574464 2.049999952316284 6.909815999650956
v 10.058400107574464 0.5260000228881836 6.909815999650956
v 8.83919997329712 0 6.909815999650957
v 8.83919997329712 2.4384000301361084 6.909815999650957
v 11.582400037002564 2.049999952316284 6.909815999650956
v 10.058400107574464 2.049999952316284 6.909815999650956
v 10.058400107574464 2.049999952316284 6.909815999650956
v 8.83919997329712 0 6.909815999650957
v 8.83919997329712 2.4384000301361084 6.909815999650957
v 13.411200000000001 0 7.110984000349045
v 8.83919997329712 0 7.110984000349046
v 13.411200000000001 0 6.909815999650956
v 8.83919997329712 0 7.110984000349046
v 8.83919997329712 0 6.909815999650957
v 13.411200000000001 0 6.909815999650956
v 8.83919997329712 0 7.110984000349046
v 8.83919997329712 2.4384000301361084 7.110984000349046
v 8.83919997329712 0 6.909815999650957
v 8.83919997329712 2.4384000301361084 7.110984000349046
v 8.83919997329712 2.4384000301361084 6.909815999650957
v 8.83919997329712 0 6.909815999650957
v 8.83919997329712 2.4384000301361084 7.110984000349046
v 13.411200000000001 2.4384000301361084 7.110984000349045
v 8.83919997329712 2.4384000301361084 6.909815999650957
v 13.411200000000001 2.4384000301361084 7.110984000349045
v 13.411200000000001 2.4384000301361084 6.909815999650956
v 8.83919997329712 2.4384000301361084 6.909815999650957
v 13.411200000000001 2.4384000301361084 7.110984000349045
v 13.411200000000001 0 7.110984000349045
v 13.411200000000001 2.4384000301361084 6.909815999650956
v 13.411200000000001 0 7.110984000349045
v 13.411200000000001 0 6.909815999650956
v 13.411200000000001 2.4384000301361084 6.909815999650956
v 11.582400037002564 0.5260000228881836 7.110984000349045
v 11.582400037002564 2.049999952316284 7.110984000349045
v 11.582400037002564 0.5260000228881836 6.909815999650956
v 11.582400037002564 2.049999952316284 7.110984000349045
v 11.582400037002564 2.049999952316284 6.909815999650956
v 11.582400037002564 0.5260000228881836 6.909815999650956
v 11.582400037002564 2.049999952316284 7.110984000349045
v 10.058400107574464 2.049999952316284 7.110984000349045
v 11.582400037002564 2.049999952316284 6.909815999650956
v 10.058400107574464 2.049999952316284 7.110984000349045
v 10.058400107574464 2.049999952316284 6.909815999650956
v 11.582400037002564 2.049999952316284 6.909815999650956
v 10.058400107574464 2.049999952316284 7.110984000349045
v 10.058400107574464 0.5260000228881836 7.110984000349045
v 10.058400107574464 2.049999952316284 6.909815999650956
v 10.058400107574464 0.5260000228881836 7.110984000349045
v 10.058400107574464 0.5260000228881836 6.909815999650956
v 10.058400107574464 2.049999952316284 6.909815999650956
v 10.058400107574464 0.5260000228881836 7.110984000349045
v 11.582400037002564 0.5260000228881836 7.110984000349045
v 10.058400107574464 0.5260000228881836 6.909815999650956
v 11.582400037002564 0.5260000228881836 7.110984000349045
v 11.582400037002564 0.5260000228881836 6.909815999650956
v 10.058400107574464 0.5260000228881836 6.909815999650956
vt 1.8287999629974365 2.049999952316284
vt 1.8287999629974365 0.5260000228881836
vt 0 0
vt 0 0
vt 1.8287999629974365 0.5260000228881836
vt 3.352799892425537 0.5260000228881836
vt 1.8287999629974365 2.049999952316284
vt 0 0
vt 0 2.4384000301361084
vt 4.572000026702881 0
vt 0 0
vt 3.352799892425537 0.5260000228881836
vt 1.8287999629974365 2.049999952316284
vt 0 2.4384000301361084
vt 4.572000026702881 2.4384000301361084
vt 4.572000026702881 0
vt 3.352799892425537 0.5260000228881836
vt 3.352799892425537 2.049999952316284
vt 3.352799892425537 2.049999952316284
vt 1.8287999629974365 2.049999952316284
vt 4.572000026702881 2.4384000301361084
vt 4.572000026702881 2.4384000301361084
vt 4.572000026702881 0
vt 3.352799892425537 2.049999952316284
vt 0 0
vt 1.8287999629974365 0.5260000228881836
vt 1.8287999629974365 2.049999952316284
vt 3.352799892425537 0.5260000228881836
vt 1.8287999629974365 0.5260000228881836
vt 0 0
vt 0 2.4384000301361084
vt 0 0
vt 1.8287999629974365 2.049999952316284
vt 3.352799892425537 0.5260000228881836
vt 0 0
vt 4.572000026702881 0
vt 4.572000026702881 2.4384000301361084
vt 0 2.4384000301361084
vt 1.8287999629974365 2.049999952316284
vt 3.352799892425537 2.049999952316284
vt 3.352799892425537 0.5260000228881836
vt 4.572000026702881 0
vt 4.572000026702881 2.4384000301361084
vt 1.8287999629974365 2.049999952316284
vt 3.352799892425537 2.049999952316284
vt 3.352799892425537 2.049999952316284
vt 4.572000026702881 0
vt 4.572000026702881 2.4384000301361084
vt 0 1
vt 4.572000026702881 1
vt 0 0.7988319993019104
vt 4.572000026702881 1
vt 4.572000026702881 0.7988319993019104
vt 0 0.7988319993019104
vt 0 1
vt 2.4384000301361084 1
vt 0 0.7988319993019104
vt 2.4384000301361084 1
vt 2.4384000301361084 0.7988319993019104
vt 0 0.7988319993019104
vt 4.572000026702881 1
vt 0 1
vt 4.572000026702881 0.7988319993019104
vt 0 1
vt 0 0.7988319993019104
vt 4.572000026702881 0.7988319993019104
vt 2.4384000301361084 1
vt 0 1
vt 2.4384000301361084 0.7988319993019104
vt 0 1
vt 0 0.7988319993019104
vt 2.4384000301361084 0.7988319993019104
vt 0.5260000228881836 1
vt 2.049999952316284 1
vt 0.5260000228881836 0.7988319993019104
vt 2.049999952316284 1
vt 2.049999952316284 0.7988319993019104
vt 0.5260000228881836 0.7988319993019104
vt 1.8287999629974365 1
vt 3.352799892425537 1
vt 1.8287999629974365 0.7988319993019104
vt 3.352799892425537 1
vt 3.352799892425537 0.7988319993019104
vt 1.8287999629974365 0.7988319993019104
vt 2.049999952316284 1
vt 0.5260000228881836 1
vt 2.049999952316284 0.7988319993019104
vt 0.5260000228881836 1
vt 0.5260000228881836 0.7988319993019104
vt 2.049999952316284 0.7988319993019104
vt 3.352799892425537 1
vt 1.8287999629974365 1
vt 3.352799892425537 0.7988319993019104
vt 1.8287999629974365 1
vt 1.8287999629974365 0.7988319993019104
vt 3.352799892425537 0.7988319993019104
vn 1.2246467991473532e-16 0 1
vn 1.2246467991473532e-16 0 1
vn 1.2246467991473532e-16 0 1
vn 1.2246467991473532e-16 0 1
vn 1.2246467991473532e-16 0 1
vn 1.2246467991473532e-16 0 1
vn 1.2246467991473532e-16 0 1
vn 1.2246467991473532e-16 0 1
vn 1.2246467991473532e-16 0 1
vn 1.2246467991473532e-16 0 1
vn 1.2246467991473532e-16 0 1
vn 1.2246467991473532e-16 0 1
vn 1.2246467991473532e-16 0 1
vn 1.2246467991473532e-16 0 1
vn 1.2246467991473532e-16 0 1
vn 1.2246467991473532e-16 0 1
vn 1.2246467991473532e-16 0 1
vn 1.2246467991473532e-16 0 1
vn 1.2246467991473532e-16 0 1
vn 1.2246467991473532e-16 0 1
vn 1.2246467991473532e-16 0 1
vn 1.2246467991473532e-16 0 1
vn 1.2246467991473532e-16 0 1
vn 1.2246467991473532e-16 0 1
vn -1.2246467991473532e-16 0 -1
vn -1.2246467991473532e-16 0 -1
vn -1.2246467991473532e-16 0 -1
vn -1.2246467991473532e-16 0 -1
vn -1.2246467991473532e-16 0 -1
vn -1.2246467991473532e-16 0 -1
vn -1.2246467991473532e-16 0 -1
vn -1.2246467991473532e-16 0 -1
vn -1.2246467991473532e-16 0 -1
vn -1.2246467991473532e-16 0 -1
vn -1.2246467991473532e-16 0 -1
vn -1.2246467991473532e-16 0 -1
vn -1.2246467991473532e-16 0 -1
vn -1.2246467991473532e-16 0 -1
vn -1.2246467991473532e-16 0 -1
vn -1.2246467991473532e-16 0 -1
vn -1.2246467991473532e-16 0 -1
vn -1.2246467991473532e-16 0 -1
vn -1.2246467991473532e-16 0 -1
vn -1.2246467991473532e-16 0 -1
vn -1.2246467991473532e-16 0 -1
vn -1.2246467991473532e-16 0 -1
vn -1.2246467991473532e-16 0 -1
vn -1.2246467991473532e-16 0 -1
vn 0 -1 0
vn 0 -1 0
vn 0 -1 0
vn 0 -1 0
vn 0 -1 0
vn 0 -1 0
vn -1 0 1.2246467991473532e-16
vn -1 0 1.2246467991473532e-16
vn -1 0 1.2246467991473532e-16
vn -1 0 1.2246467991473532e-16
vn -1 0 1.2246467991473532e-16
vn -1 0 1.2246467991473532e-16
vn 0 1 0
vn 0 1 0
vn 0 1 0
vn 0 1 0
vn 0 1 0
vn 0 1 0
vn 1 0 -1.2246467991473532e-16
vn 1 0 -1.2246467991473532e-16
vn 1 0 -1.2246467991473532e-16
vn 1 0 -1.2246467991473532e-16
vn 1 0 -1.2246467991473532e-16
vn 1 0 -1.2246467991473532e-16
vn -1 0 1.2246467991473532e-16
vn -1 0 1.2246467991473532e-16
vn -1 0 1.2246467991473532e-16
vn -1 0 1.2246467991473532e-16
vn -1 0 1.2246467991473532e-16
vn -1 0 1.2246467991473532e-16
vn 0 -1 0
vn 0 -1 0
vn 0 -1 0
vn 0 -1 0
vn 0 -1 0
vn 0 -1 0
vn 1 0 -1.2246467991473532e-16
vn 1 0 -1.2246467991473532e-16
vn 1 0 -1.2246467991473532e-16
vn 1 0 -1.2246467991473532e-16
vn 1 0 -1.2246467991473532e-16
vn 1 0 -1.2246467991473532e-16
vn 0 1 0
vn 0 1 0
vn 0 1 0
vn 0 1 0
vn 0 1 0
vn 0 1 0
f 457/457/457 458/458/458 459/459/459
f 460/460/460 461/461/461 462/462/462
f 463/463/463 464/464/464 465/465/465
f 466/466/466 467/467/467 468/468/468
f 469/469/469 470/470/470 471/471/471
f 472/472/472 473/473/473 474/474/474
f 475/475/475 476/476/476 477/477/477
f 478/478/478 479/479/479 480/480/480
f 481/481/481 482/482/482 483/483/483
f 484/484/484 485/485/485 486/486/486
f 487/487/487 488/488/488 489/489/489
f 490/490/490 491/491/491 492/492/492
f 493/493/493 494/494/494 495/495/495
f 496/496/496 497/497/497 498/498/498
f 499/499/499 500/500/500 501/501/501
f 502/502/502 503/503/503 504/504/504
f 505/505/505 506/506/506 507/507/507
f 508/508/508 509/509/509 510/510/510
f 511/511/511 512/512/512 513/513/513
f 514/514/514 515/515/515 516/516/516
f 517/517/517 518/518/518 519/519/519
f 520/520/520 521/521/521 522/522/522
f 523/523/523 524/524/524 525/525/525
f 526/526/526 527/527/527 528/528/528
f 529/529/529 530/530/530 531/531/531
f 532/532/532 533/533/533 534/534/534
f 535/535/535 536/536/536 537/537/537
f 538/538/538 539/539/539 540/540/540
f 541/541/541 542/542/542 543/543/543
f 544/544/544 545/545/545 546/546/546
f 547/547/547 548/548/548 549/549/549
f 550/550/550 551/551/551 552/552/552
o 
v 8.939784000349045 0 7.010400000000001
v 8.939784000349045 2.4384000301361084 7.010400000000001
v 8.939784000349045 2.4384000301361084 9.143999996566773
v 8.939784000349045 2.4384000301361084 9.143999996566773
v 8.939784000349045 0 9.143999996566773
v 8.939784000349045 0 7.010400000000001
v 8.738615999650955 2.4384000301361084 9.143999996566773
v 8.738615999650955 2.4384000301361084 7.010400000000001
v 8.738615999650955 0 7.010400000000001
v 8.738615999650955 0 7.010400000000001
v 8.738615999650955 0 9.143999996566773
v 8.738615999650955 2.4384000301361084 9.143999996566773
v 8.939784000349045 0 7.010400000000001
v 8.939784000349045 0 9.143999996566773
v 8.738615999650955 0 7.010400000000001
v 8.939784000349045 0 9.143999996566773
v 8.738615999650955 0 9.143999996566773
v 8.738615999650955 0 7.010400000000001
v 8.939784000349045 0 9.143999996566773
v 8.939784000349045 2.4384000301361084 9.143999996566773
v 8.738615999650955 0 9.143999996566773
v 8.939784000349045 2.4384000301361084 9.143999996566773
v 8.738615999650955 2.4384000301361084 9.143999996566773
v 8.738615999650955 0 9.143999996566773
v 8.939784000349045 2.4384000301361084 9.143999996566773
v 8.939784000349045 2.4384000301361084 7.010400000000001
v 8.738615999650955 2.4384000301361084 9.143999996566773
v 8.939784000349045 2.4384000301361084 7.010400000000001
v 8.738615999650955 2.4384000301361084 7.010400000000001
v 8.738615999650955 2.4384000301361084 9.143999996566773
v 8.939784000349045 2.4384000301361084 7.010400000000001
v 8.939784000349045 0 7.010400000000001
v 8.738615999650955 2.4384000301361084 7.010400000000001
v 8.939784000349045 0 7.010400000000001
v 8.738615999650955 0 7.010400000000001
v 8.738615999650955 2.4384000301361084 7.010400000000001
vt 0 0
vt 0 2.4384000301361084
vt 2.1335999965667725 2.4384000301361084
vt 2.1335999965667725 2.4384000301361084
vt 2.1335999965667725 0
vt 0 0
vt 2.1335999965667725 2.4384000301361084
vt 0 2.4384000301361084
vt 0 0
vt 0 0
vt 2.1335999965667725 0
vt 2.1335999965667725 2.4384000301361084
vt 0 1
vt 2.1335999965667725 1
vt 0 0.7988319993019104
vt 2.1335999965667725 1
vt 2.1335999965667725 0.7988319993019104
vt 0 0.7988319993019104
vt 0 1
vt 2.4384000301361084 1
vt 0 0.7988319993019104
vt 2.4384000301361084 1
vt 2.4384000301361084 0.7988319993019104
vt 0 0.7988319993019104
vt 2.1335999965667725 1
vt 0 1
vt 2.1335999965667725 0.7988319993019104
vt 0 1
vt 0 0.7988319993019104
vt 2.1335999965667725 0.7988319993019104
vt 2.4384000301361084 1
vt 0 1
vt 2.4384000301361084 0.7988319993019104
vt 0 1
vt 0 0.7988319993019104
vt 2.4384000301361084 0.7988319993019104
vn 1 0 -2.220446049250313e-16
vn 1 0 -2.220446049250313e-16
vn 1 0 -2.220446049250313e-16
vn 1 0 -2.220446049250313e-16
vn 1 0 -2.220446049250313e-16
vn 1 0 -2.220446049250313e-16
vn -1 0 2.220446049250313e-16
vn -1 0 2.220446049250313e-16
vn -1 0 2.220446049250313e-16
vn -1 0 2.220446049250313e-16
vn -1 0 2.220446049250313e-16
vn -1 0 2.220446049250313e-16
vn 0 -1 0
vn 0 -1 0
vn 0 -1 0
vn 0 -1 0
vn 0 -1 0
vn 0 -1 0
vn 2.220446049250313e-16 0 1
vn 2.220446049250313e-16 0 1
vn 2.220446049250313e-16 0 1
vn 2.220446049250313e-16 0 1
vn 2.220446049250313e-16 0 1
vn 2.220446049250313e-16 0 1
vn 0 1 0
vn 0 1 0
vn 0 1 0
vn 0 1 0
vn 0 1 0
vn 0 1 0
vn -2.220446049250313e-16 0 -1
vn -2.220446049250313e-16 0 -1
vn -2.220446049250313e-16 0 -1
vn -2.220446049250313e-16 0 -1
vn -2.220446049250313e-16 0 -1
vn -2.220446049250313e-16 0 -1
f 553/553/553 554/554/554 555/555/555
f 556/556/556 557/557/557 558/558/558
f 559/559/559 560/560/560 561/561/561
f 562/562/562 563/563/563 564/564/564
f 565/565/565 566/566/566 567/567/567
f 568/568/568 569/569/569 570/570/570
f 571/571/571 572/572/572 573/573/573
f 574/574/574 575/575/575 576/576/576
f 577/577/577 578/578/578 579/579/579
f 580/580/580 581/581/581 582/582/582
f 583/583/583 584/584/584 585/585/585
f 586/586/586 587/587/587 588/588/588
o 
v 8.38200000925064 2.032101631164551 9.244584000349045
v 8.38200000925064 0 9.244584000349045
v 8.8392 0 9.244584000349045
v 8.38200000925064 2.032101631164551 9.244584000349045
v 8.8392 0 9.244584000349045
v 8.8392 2.4384000301361084 9.244584000349045
v 8.8392 2.4384000301361084 9.244584000349045
v 6.7970399658203124 2.4384000301361084 9.244584000349045
v 6.7970399658203124 0 9.244584000349045
v 6.5531999866485595 2.032101631164551 9.244584000349045
v 8.38200000925064 2.032101631164551 9.244584000349045
v 8.8392 2.4384000301361084 9.244584000349045
v 8.8392 0 9.043415999650955
v 8.38200000925064 0 9.043415999650955
v 8.38200000925064 2.032101631164551 9.043415999650955
v 8.8392 2.4384000301361084 9.043415999650955
v 8.8392 0 9.043415999650955
v 8.38200000925064 2.032101631164551 9.043415999650955
v 6.7970399658203124 0 9.043415999650955
v 6.7970399658203124 2.4384000301361084 9.043415999650955
v 8.8392 2.4384000301361084 9.043415999650955
v 8.8392 2.4384000301361084 9.043415999650955
v 8.38200000925064 2.032101631164551 9.043415999650955
v 6.5531999866485595 2.032101631164551 9.043415999650955
v 8.8392 0 9.244584000349045
v 6.7970399658203124 0 9.244584000349045
v 8.8392 0 9.043415999650955
v 6.7970399658203124 0 9.244584000349045
v 6.7970399658203124 0 9.043415999650955
v 8.8392 0 9.043415999650955
v 6.7970399658203124 0 9.244584000349045
v 6.7970399658203124 2.4384000301361084 9.244584000349045
v 6.7970399658203124 0 9.043415999650955
v 6.7970399658203124 2.4384000301361084 9.244584000349045
v 6.7970399658203124 2.4384000301361084 9.043415999650955
v 6.7970399658203124 0 9.043415999650955
v 6.7970399658203124 2.4384000301361084 9.244584000349045
v 8.8392 2.4384000301361084 9.244584000349045
v 6.7970399658203124 2.4384000301361084 9.043415999650955
v 8.8392 2.4384000301361084 9.244584000349045
v 8.8392 2.4384000301361084 9.043415999650955
v 6.7970399658203124 2.4384000301361084 9.043415999650955
v 8.8392 2.4384000301361084 9.244584000349045
v 8.8392 0 9.244584000349045
v 8.8392 2.4384000301361084 9.043415999650955
v 8.8392 0 9.244584000349045
v 8.8392 0 9.043415999650955
v 8.8392 2.4384000301361084 9.043415999650955
v 8.38200000925064 0 9.244584000349045
v 8.38200000925064 2.032101631164551 9.244584000349045
v 8.38200000925064 0 9.043415999650955
v 8.38200000925064 2.032101631164551 9.244584000349045
v 8.38200000925064 2.032101631164551 9.043415999650955
v 8.38200000925064 0 9.043415999650955
v 8.38200000925064 2.032101631164551 9.244584000349045
v 6.5531999866485595 2.032101631164551 9.244584000349045
v 8.38200000925064 2.032101631164551 9.043415999650955
v 6.5531999866485595 2.032101631164551 9.244584000349045
v 6.5531999866485595 2.032101631164551 9.043415999650955
v 8.38200000925064 2.032101631164551 9.043415999650955
v 6.5531999866485595 2.032101631164551 9.244584000349045
v 6.5531999866485595 0 9.244584000349045
v 6.5531999866485595 2.032101631164551 9.043415999650955
v 6.5531999866485595 0 9.244584000349045
v 6.5531999866485595 0 9.043415999650955
v 6.5531999866485595 2.032101631164551 9.043415999650955
v 6.5531999866485595 0 9.244584000349045
v 8.38200000925064 0 9.244584000349045
v 6.5531999866485595 0 9.043415999650955
v 8.38200000925064 0 9.244584000349045
v 8.38200000925064 0 9.043415999650955
v 6.5531999866485595 0 9.043415999650955
vt 0.45719999074935913 2.032101631164551
vt 0.45719999074935913 0
vt 0 0
vt 0.45719999074935913 2.032101631164551
vt 0 0
vt 0 2.4384000301361084
vt 0 2.4384000301361084
vt 2.0421600341796875 2.4384000301361084
vt 2.0421600341796875 0
vt 2.2860000133514404 2.032101631164551
vt 0.45719999074935913 2.032101631164551
vt 0 2.4384000301361084
vt 0 0
vt 0.45719999074935913 0
vt 0.45719999074935913 2.032101631164551
vt 0 2.4384000301361084
vt 0 0
vt 0.45719999074935913 2.032101631164551
vt 2.0421600341796875 0
vt 2.0421600341796875 2.4384000301361084
vt 0 2.4384000301361084
vt 0 2.4384000301361084
vt 0.45719999074935913 2.032101631164551
vt 2.2860000133514404 2.032101631164551
vt 0 1
vt 2.0421600341796875 1
vt 0 0.7988319993019104
vt 2.0421600341796875 1
vt 2.0421600341796875 0.7988319993019104
vt 0 0.7988319993019104
vt 0 1
vt 2.4384000301361084 1
vt 0 0.7988319993019104
vt 2.4384000301361084 1
vt 2.4384000301361084 0.7988319993019104
vt 0 0.7988319993019104
vt 2.0421600341796875 1
vt 0 1
vt 2.0421600341796875 0.7988319993019104
vt 0 1
vt 0 0.7988319993019104
vt 2.0421600341796875 0.7988319993019104
vt 2.4384000301361084 1
vt 0 1
vt 2.4384000301361084 0.7988319993019104
vt 0 1
vt 0 0.7988319993019104
vt 2.4384000301361084 0.7988319993019104
vt 0 1
vt 2.032101631164551 1
vt 0 0.7988319993019104
vt 2.032101631164551 1
vt 2.032101631164551 0.7988319993019104
vt 0 0.7988319993019104
vt 0.45719999074935913 1
vt 2.2860000133514404 1
vt 0.45719999074935913 0.7988319993019104
vt 2.2860000133514404 1
vt 2.2860000133514404 0.7988319993019104
vt 0.45719999074935913 0.7988319993019104
vt 2.032101631164551 1
vt 0 1
vt 2.032101631164551 0.7988319993019104
vt 0 1
vt 0 0.7988319993019104
vt 2.032101631164551 0.7988319993019104
vt 2.2860000133514404 1
vt 0.45719999074935913 1
vt 2.2860000133514404 0.7988319993019104
vt 0.45719999074935913 1
vt 0.45719999074935913 0.7988319993019104
vt 2.2860000133514404 0.7988319993019104
vn 1.2246467991473532e-16 0 1
vn 1.2246467991473532e-16 0 1
vn 1.2246467991473532e-16 0 1
vn 1.2246467991473532e-16 0 1
vn 1.2246467991473532e-16 0 1
vn 1.2246467991473532e-16 0 1
vn 1.2246467991473532e-16 0 1
vn 1.2246467991473532e-16 0 1
vn 1.2246467991473532e-16 0 1
vn 1.2246467991473532e-16 0 1
vn 1.2246467991473532e-16 0 1
vn 1.2246467991473532e-16 0 1
vn -1.2246467991473532e-16 0 -1
vn -1.2246467991473532e-16 0 -1
vn -1.2246467991473532e-16 0 -1
vn -1.2246467991473532e-16 0 -1
vn -1.2246467991473532e-16 0 -1
vn -1.2246467991473532e-16 0 -1
vn -1.2246467991473532e-16 0 -1
vn -1.2246467991473532e-16 0 -1
vn -1.2246467991473532e-16 0 -1
vn -1.2246467991473532e-16 0 -1
vn -1.2246467991473532e-16 0 -1
vn -1.2246467991473532e-16 0 -1
vn 0 -1 0
vn 0 -1 0
vn 0 -1 0
vn 0 -1 0
vn 0 -1 0
vn 0 -1 0
vn -1 0 1.2246467991473532e-16
vn -1 0 1.2246467991473532e-16
vn -1 0 1.2246467991473532e-16
vn -1 0 1.2246467991473532e-16
vn -1 0 1.2246467991473532e-16
vn -1 0 1.2246467991473532e-16
vn 0 1 0
vn 0 1 0
vn 0 1 0
vn 0 1 0
vn 0 1 0
vn 0 1 0
vn 1 0 -1.2246467991473532e-16
vn 1 0 -1.2246467991473532e-16
vn 1 0 -1.2246467991473532e-16
vn 1 0 -1.2246467991473532e-16
vn 1 0 -1.2246467991473532e-16
vn 1 0 -1.2246467991473532e-16
vn -1 0 1.2246467991473532e-16
vn -1 0 1.2246467991473532e-16
vn -1 0 1.2246467991473532e-16
vn -1 0 1.2246467991473532e-16
vn -1 0 1.2246467991473532e-16
vn -1 0 1.2246467991473532e-16
vn 0 -1 0
vn 0 -1 0
vn 0 -1 0
vn 0 -1 0
vn 0 -1 0
vn 0 -1 0
vn 1 0 -1.2246467991473532e-16
vn 1 0 -1.2246467991473532e-16
vn 1 0 -1.2246467991473532e-16
vn 1 0 -1.2246467991473532e-16
vn 1 0 -1.2246467991473532e-16
vn 1 0 -1.2246467991473532e-16
vn 0 1 0
vn 0 1 0
vn 0 1 0
vn 0 1 0
vn 0 1 0
vn 0 1 0
f 589/589/589 590/590/590 591/591/591
f 592/592/592 593/593/593 594/594/594
f 595/595/595 596/596/596 597/597/597
f 598/598/598 599/599/599 600/600/600
f 601/601/601 602/602/602 603/603/603
f 604/604/604 605/605/605 606/606/606
f 607/607/607 608/608/608 609/609/609
f 610/610/610 611/611/611 612/612/612
f 613/613/613 614/614/614 615/615/615
f 616/616/616 617/617/617 618/618/618
f 619/619/619 620/620/620 621/621/621
f 622/622/622 623/623/623 624/624/624
f 625/625/625 626/626/626 627/627/627
f 628/628/628 629/629/629 630/630/630
f 631/631/631 632/632/632 633/633/633
f 634/634/634 635/635/635 636/636/636
f 637/637/637 638/638/638 639/639/639
f 640/640/640 641/641/641 642/642/642
f 643/643/643 644/644/644 645/645/645
f 646/646/646 647/647/647 648/648/648
f 649/649/649 650/650/650 651/651/651
f 652/652/652 653/653/653 654/654/654
f 655/655/655 656/656/656 657/657/657
f 658/658/658 659/659/659 660/660/660
o 
v 6.696455999650956 0 9.144
v 6.696455999650956 2.4384000301361084 9.144
v 6.696455999650957 2.4384000301361084 7.010400003433228
v 6.696455999650957 2.4384000301361084 7.010400003433228
v 6.696455999650957 0 7.010400003433228
v 6.696455999650956 0 9.144
v 6.8976240003490465 2.4384000301361084 7.010400003433228
v 6.897624000349046 2.4384000301361084 9.144
v 6.897624000349046 0 9.144
v 6.897624000349046 0 9.144
v 6.8976240003490465 0 7.010400003433228
v 6.8976240003490465 2.4384000301361084 7.010400003433228
v 6.696455999650956 0 9.144
v 6.696455999650957 0 7.010400003433228
v 6.897624000349046 0 9.144
v 6.696455999650957 0 7.010400003433228
v 6.8976240003490465 0 7.010400003433228
v 6.897624000349046 0 9.144
v 6.696455999650957 0 7.010400003433228
v 6.696455999650957 2.4384000301361084 7.010400003433228
v 6.8976240003490465 0 7.010400003433228
v 6.696455999650957 2.4384000301361084 7.010400003433228
v 6.8976240003490465 2.4384000301361084 7.010400003433228
v 6.8976240003490465 0 7.010400003433228
v 6.696455999650957 2.4384000301361084 7.010400003433228
v 6.696455999650956 2.4384000301361084 9.144
v 6.8976240003490465 2.4384000301361084 7.010400003433228
v 6.696455999650956 2.4384000301361084 9.144
v 6.897624000349046 2.4384000301361084 9.144
v 6.8976240003490465 2.4384000301361084 7.010400003433228
v 6.696455999650956 2.4384000301361084 9.144
v 6.696455999650956 0 9.144
v 6.897624000349046 2.4384000301361084 9.144
v 6.696455999650956 0 9.144
v 6.897624000349046 0 9.144
v 6.897624000349046 2.4384000301361084 9.144
vt 0 0
vt 0 2.4384000301361084
vt 2.1335999965667725 2.4384000301361084
vt 2.1335999965667725 2.4384000301361084
vt 2.1335999965667725 0
vt 0 0
vt 2.1335999965667725 2.4384000301361084
vt 0 2.4384000301361084
vt 0 0
vt 0 0
vt 2.1335999965667725 0
vt 2.1335999965667725 2.4384000301361084
vt 0 1
vt 2.1335999965667725 1
vt 0 0.7988319993019104
vt 2.1335999965667725 1
vt 2.1335999965667725 0.7988319993019104
vt 0 0.7988319993019104
vt 0 1
vt 2.4384000301361084 1
vt 0 0.7988319993019104
vt 2.4384000301361084 1
vt 2.4384000301361084 0.7988319993019104
vt 0 0.7988319993019104
vt 2.1335999965667725 1
vt 0 1
vt 2.1335999965667725 0.7988319993019104
vt 0 1
vt 0 0.7988319993019104
vt 2.1335999965667725 0.7988319993019104
vt 2.4384000301361084 1
vt 0 1
vt 2.4384000301361084 0.7988319993019104
vt 0 1
vt 0 0.7988319993019104
vt 2.4384000301361084 0.7988319993019104
vn -1 0 -2.220446049250313e-16
vn -1 0 -2.220446049250313e-16
vn -1 0 -2.220446049250313e-16
vn -1 0 -2.220446049250313e-16
vn -1 0 -2.220446049250313e-16
vn -1 0 -2.220446049250313e-16
vn 1 0 2.220446049250313e-16
vn 1 0 2.220446049250313e-16
vn 1 0 2.220446049250313e-16
vn 1 0 2.220446049250313e-16
vn 1 0 2.220446049250313e-16
vn 1 0 2.220446049250313e-16
vn 0 -1 0
vn 0 -1 0
vn 0 -1 0
vn 0 -1 0
vn 0 -1 0
vn 0 -1 0
vn 2.220446049250313e-16 0 -1
vn 2.220446049250313e-16 0 -1
vn 2.220446049250313e-16 0 -1
vn 2.220446049250313e-16 0 -1
vn 2.220446049250313e-16 0 -1
vn 2.220446049250313e-16 0 -1
vn 0 1 0
vn 0 1 0
vn 0 1 0
vn 0 1 0
vn 0 1 0
vn 0 1 0
vn -2.220446049250313e-16 0 1
vn -2.220446049250313e-16 0 1
vn -2.220446049250313e-16 0 1
vn -2.220446049250313e-16 0 1
vn -2.220446049250313e-16 0 1
vn -2.220446049250313e-16 0 1
f 661/661/661 662/662/662 663/663/663
f 664/664/664 665/665/665 666/666/666
f 667/667/667 668/668/668 669/669/669
f 670/670/670 671/671/671 672/672/672
f 673/673/673 674/674/674 675/675/675
f 676/676/676 677/677/677 678/678/678
f 679/679/679 680/680/680 681/681/681
f 682/682/682 683/683/683 684/684/684
f 685/685/685 686/686/686 687/687/687
f 688/688/688 689/689/689 690/690/690
f 691/691/691 692/692/692 693/693/693
f 694/694/694 695/695/695 696/696/696
o 
v 6.187439992465974 2.049999952316284 7.110984000349045
v 6.187439992465974 0.5260000228881836 7.110984000349045
v 6.797040000000001 0 7.110984000349045
v 6.797040000000001 0 7.110984000349045
v 6.187439992465974 0.5260000228881836 7.110984000349045
v 4.663440003433228 0.5260000228881836 7.110984000349045
v 6.187439992465974 2.049999952316284 7.110984000349045
v 6.797040000000001 0 7.110984000349045
v 6.797040000000001 2.4384000301361084 7.110984000349045
v 2.865119948425294 0 7.110984000349046
v 6.797040000000001 0 7.110984000349045
v 4.663440003433228 0.5260000228881836 7.110984000349045
v 6.187439992465974 2.049999952316284 7.110984000349045
v 6.797040000000001 2.4384000301361084 7.110984000349045
v 2.865119948425294 2.4384000301361084 7.110984000349046
v 2.865119948425294 0 7.110984000349046
v 4.663440003433228 0.5260000228881836 7.110984000349045
v 4.663440003433228 2.049999952316284 7.110984000349045
v 4.663440003433228 2.049999952316284 7.110984000349045
v 6.187439992465974 2.049999952316284 7.110984000349045
v 2.865119948425294 2.4384000301361084 7.110984000349046
v 2.865119948425294 2.4384000301361084 7.110984000349046
v 2.865119948425294 0 7.110984000349046
v 4.663440003433228 2.049999952316284 7.110984000349045
v 6.797040000000001 0 6.909815999650956
v 6.187439992465974 0.5260000228881836 6.909815999650956
v 6.187439992465974 2.049999952316284 6.909815999650956
v 4.663440003433228 0.5260000228881836 6.909815999650956
v 6.187439992465974 0.5260000228881836 6.909815999650956
v 6.797040000000001 0 6.909815999650956
v 6.797040000000001 2.4384000301361084 6.909815999650956
v 6.797040000000001 0 6.909815999650956
v 6.187439992465974 2.049999952316284 6.909815999650956
v 4.663440003433228 0.5260000228881836 6.909815999650956
v 6.797040000000001 0 6.909815999650956
v 2.865119948425294 0 6.909815999650957
v 2.865119948425294 2.4384000301361084 6.909815999650957
v 6.797040000000001 2.4384000301361084 6.909815999650956
v 6.187439992465974 2.049999952316284 6.909815999650956
v 4.663440003433228 2.049999952316284 6.909815999650956
v 4.663440003433228 0.5260000228881836 6.909815999650956
v 2.865119948425294 0 6.909815999650957
v 2.865119948425294 2.4384000301361084 6.909815999650957
v 6.187439992465974 2.049999952316284 6.909815999650956
v 4.663440003433228 2.049999952316284 6.909815999650956
v 4.663440003433228 2.049999952316284 6.909815999650956
v 2.865119948425294 0 6.909815999650957
v 2.865119948425294 2.4384000301361084 6.909815999650957
v 6.797040000000001 0 7.110984000349045
v 2.865119948425294 0 7.110984000349046
v 6.797040000000001 0 6.909815999650956
v 2.865119948425294 0 7.110984000349046
v 2.865119948425294 0 6.909815999650957
v 6.797040000000001 0 6.909815999650956
v 2.865119948425294 0 7.110984000349046
v 2.865119948425294 2.4384000301361084 7.110984000349046
v 2.865119948425294 0 6.909815999650957
v 2.865119948425294 2.4384000301361084 7.110984000349046
v 2.865119948425294 2.4384000301361084 6.909815999650957
v 2.865119948425294 0 6.909815999650957
v 2.865119948425294 2.4384000301361084 7.110984000349046
v 6.797040000000001 2.4384000301361084 7.110984000349045
v 2.865119948425294 2.4384000301361084 6.909815999650957
v 6.797040000000001 2.4384000301361084 7.110984000349045
v 6.797040000000001 2.4384000301361084 6.909815999650956
v 2.865119948425294 2.4384000301361084 6.909815999650957
v 6.797040000000001 2.4384000301361084 7.110984000349045
v 6.797040000000001 0 7.110984000349045
v 6.797040000000001 2.4384000301361084 6.909815999650956
v 6.797040000000001 0 7.110984000349045
v 6.797040000000001 0 6.909815999650956
v 6.797040000000001 2.4384000301361084 6.909815999650956
v 6.187439992465974 0.5260000228881836 7.110984000349045
v 6.187439992465974 2.049999952316284 7.110984000349045
v 6.187439992465974 0.5260000228881836 6.909815999650956
v 6.187439992465974 2.049999952316284 7.110984000349045
v 6.187439992465974 2.049999952316284 6.909815999650956
v 6.187439992465974 0.5260000228881836 6.909815999650956
v 6.187439992465974 2.049999952316284 7.110984000349045
v 4.663440003433228 2.049999952316284 7.110984000349045
v 6.187439992465974 2.049999952316284 6.909815999650956
v 4.663440003433228 2.049999952316284 7.110984000349045
v 4.663440003433228 2.049999952316284 6.909815999650956
v 6.187439992465974 2.049999952316284 6.909815999650956
v 4.663440003433228 2.049999952316284 7.110984000349045
v 4.663440003433228 0.5260000228881836 7.110984000349045
v 4.663440003433228 2.049999952316284 6.909815999650956
v 4.663440003433228 0.5260000228881836 7.110984000349045
v 4.663440003433228 0.5260000228881836 6.909815999650956
v 4.663440003433228 2.049999952316284 6.909815999650956
v 4.663440003433228 0.5260000228881836 7.110984000349045
v 6.187439992465974 0.5260000228881836 7.110984000349045
v 4.663440003433228 0.5260000228881836 6.909815999650956
v 6.187439992465974 0.5260000228881836 7.110984000349045
v 6.187439992465974 0.5260000228881836 6.909815999650956
v 4.663440003433228 0.5260000228881836 6.909815999650956
vt 0.6096000075340271 2.049999952316284
vt 0.6096000075340271 0.5260000228881836
vt 0 0
vt 0 0
vt 0.6096000075340271 0.5260000228881836
vt 2.1335999965667725 0.5260000228881836
vt 0.6096000075340271 2.049999952316284
vt 0 0
vt 0 2.4384000301361084
vt 3.931920051574707 0
vt 0 0
vt 2.1335999965667725 0.5260000228881836
vt 0.6096000075340271 2.049999952316284
vt 0 2.4384000301361084
vt 3.931920051574707 2.4384000301361084
vt 3.931920051574707 0
vt 2.1335999965667725 0.5260000228881836
vt 2.1335999965667725 2.049999952316284
vt 2.1335999965667725 2.049999952316284
vt 0.6096000075340271 2.049999952316284
vt 3.931920051574707 2.4384000301361084
vt 3.931920051574707 2.4384000301361084
vt 3.931920051574707 0
vt 2.1335999965667725 2.049999952316284
vt 0 0
vt 0.6096000075340271 0.5260000228881836
vt 0.6096000075340271 2.049999952316284
vt 2.1335999965667725 0.5260000228881836
vt 0.6096000075340271 0.5260000228881836
vt 0 0
vt 0 2.4384000301361084
vt 0 0
vt 0.6096000075340271 2.049999952316284
vt 2.1335999965667725 0.5260000228881836
vt 0 0
vt 3.931920051574707 0
vt 3.931920051574707 2.4384000301361084
vt 0 2.4384000301361084
vt 0.6096000075340271 2.049999952316284
vt 2.1335999965667725 2.049999952316284
vt 2.1335999965667725 0.5260000228881836
vt 3.931920051574707 0
vt 3.931920051574707 2.4384000301361084
vt 0.6096000075340271 2.049999952316284
vt 2.1335999965667725 2.049999952316284
vt 2.1335999965667725 2.049999952316284
vt 3.931920051574707 0
vt 3.931920051574707 2.4384000301361084
vt 0 1
vt 3.931920051574707 1
vt 0 0.7988319993019104
vt 3.931920051574707 1
vt 3.931920051574707 0.7988319993019104
vt 0 0.7988319993019104
vt 0 1
vt 2.4384000301361084 1
vt 0 0.7988319993019104
vt 2.4384000301361084 1
vt 2.4384000301361084 0.7988319993019104
vt 0 0.7988319993019104
vt 3.931920051574707 1
vt 0 1
vt 3.931920051574707 0.7988319993019104
vt 0 1
vt 0 0.7988319993019104
vt 3.931920051574707 0.7988319993019104
vt 2.4384000301361084 1
vt 0 1
vt 2.4384000301361084 0.7988319993019104
vt 0 1
vt 0 0.7988319993019104
vt 2.4384000301361084 0.7988319993019104
vt 0.5260000228881836 1
vt 2.049999952316284 1
vt 0.5260000228881836 0.7988319993019104
vt 2.049999952316284 1
vt 2.049999952316284 0.7988319993019104
vt 0.5260000228881836 0.7988319993019104
vt 0.6096000075340271 1
vt 2.1335999965667725 1
vt 0.6096000075340271 0.7988319993019104
vt 2.1335999965667725 1
vt 2.1335999965667725 0.7988319993019104
vt 0.6096000075340271 0.7988319993019104
vt 2.049999952316284 1
vt 0.5260000228881836 1
vt 2.049999952316284 0.7988319993019104
vt 0.5260000228881836 1
vt 0.5260000228881836 0.7988319993019104
vt 2.049999952316284 0.7988319993019104
vt 2.1335999965667725 1
vt 0.6096000075340271 1
vt 2.1335999965667725 0.7988319993019104
vt 0.6096000075340271 1
vt 0.6096000075340271 0.7988319993019104
vt 2.1335999965667725 0.7988319993019104
vn 1.2246467991473532e-16 0 1
vn 1.2246467991473532e-16 0 1
vn 1.2246467991473532e-16 0 1
vn 1.2246467991473532e-16 0 1
vn 1.2246467991473532e-16 0 1
vn 1.2246467991473532e-16 0 1
vn 1.2246467991473532e-16 0 1
vn 1.2246467991473532e-16 0 1
vn 1.2246467991473532e-16 0 1
vn 1.2246467991473532e-16 0 1
vn 1.2246467991473532e-16 0 1
vn 1.2246467991473532e-16 0 1
vn 1.2246467991473532e-16 0 1
vn 1.2246467991473532e-16 0 1
vn 1.2246467991473532e-16 0 1
vn 1.2246467991473532e-16 0 1
vn 1.2246467991473532e-16 0 1
vn 1.2246467991473532e-16 0 1
vn 1.2246467991473532e-16 0 1
vn 1.2246467991473532e-16 0 1
vn 1.2246467991473532e-16 0 1
vn 1.2246467991473532e-16 0 1
vn 1.2246467991473532e-16 0 1
vn 1.2246467991473532e-16 0 1
vn -1.2246467991473532e-16 0 -1
vn -1.2246467991473532e-16 0 -1
vn -1.2246467991473532e-16 0 -1
vn -1.2246467991473532e-16 0 -1
vn -1.2246467991473532e-16 0 -1
vn -1.2246467991473532e-16 0 -1
vn -1.2246467991473532e-16 0 -1
vn -1.2246467991473532e-16 0 -1
vn -1.2246467991473532e-16 0 -1
vn -1.2246467991473532e-16 0 -1
vn -1.2246467991473532e-16 0 -1
vn -1.2246467991473532e-16 0 -1
vn -1.2246467991473532e-16 0 -1
vn -1.2246467991473532e-16 0 -1
vn -1.2246467991473532e-16 0 -1
vn -1.2246467991473532e-16 0 -1
vn -1.2246467991473532e-16 0 -1
vn -1.2246467991473532e-16 0 -1
vn -1.2246467991473532e-16 0 -1
vn -1.2246467991473532e-16 0 -1
vn -1.2246467991473532e-16 0 -1
vn -1.2246467991473532e-16 0 -1
vn -1.2246467991473532e-16 0 -1
vn -1.2246467991473532e-16 0 -1
vn 0 -1 0
vn 0 -1 0
vn 0 -1 0
vn 0 -1 0
vn 0 -1 0
vn 0 -1 0
vn -1 0 1.2246467991473532e-16
vn -1 0 1.2246467991473532e-16
vn -1 0 1.2246467991473532e-16
vn -1 0 1.2246467991473532e-16
vn -1 0 1.2246467991473532e-16
vn -1 0 1.2246467991473532e-16
vn 0 1 0
vn 0 1 0
vn 0 1 0
vn 0 1 0
vn 0 1 0
vn 0 1 0
vn 1 0 -1.2246467991473532e-16
vn 1 0 -1.2246467991473532e-16
vn 1 0 -1.2246467991473532e-16
vn 1 0 -1.2246467991473532e-16
vn 1 0 -1.2246467991473532e-16
vn 1 0 -1.2246467991473532e-16
vn -1 0 1.2246467991473532e-16
vn -1 0 1.2246467991473532e-16
vn -1 0 1.2246467991473532e-16
vn -1 0 1.2246467991473532e-16
vn -1 0 1.2246467991473532e-16
vn -1 0 1.2246467991473532e-16
vn 0 -1 0
vn 0 -1 0
vn 0 -1 0
vn 0 -1 0
vn 0 -1 0
vn 0 -1 0
vn 1 0 -1.2246467991473532e-16
vn 1 0 -1.2246467991473532e-16
vn 1 0 -1.2246467991473532e-16
vn 1 0 -1.2246467991473532e-16
vn 1 0 -1.2246467991473532e-16
vn 1 0 -1.2246467991473532e-16
vn 0 1 0
vn 0 1 0
vn 0 1 0
vn 0 1 0
vn 0 1 0
vn 0 1 0
f 697/697/697 698/698/698 699/699/699
f 700/700/700 701/701/701 702/702/702
f 703/703/703 704/704/704 705/705/705
f 706/706/706 707/707/707 708/708/708
f 709/709/709 710/710/710 711/711/711
f 712/712/712 713/713/713 714/714/714
f 715/715/715 716/716/716 717/717/717
f 718/718/718 719/719/719 720/720/720
f 721/721/721 722/722/722 723/723/723
f 724/724/724 725/725/725 726/726/726
f 727/727/727 728/728/728 729/729/729
f 730/730/730 731/731/731 732/732/732
f 733/733/733 734/734/734 735/735/735
f 736/736/736 737/737/737 738/738/738
f 739/739/739 740/740/740 741/741/741
f 742/742/742 743/743/743 744/744/744
f 745/745/745 746/746/746 747/747/747
f 748/748/748 749/749/749 750/750/750
f 751/751/751 752/752/752 753/753/753
f 754/754/754 755/755/755 756/756/756
f 757/757/757 758/758/758 759/759/759
f 760/760/760 761/761/761 762/762/762
f 763/763/763 764/764/764 765/765/765
f 766/766/766 767/767/767 768/768/768
f 769/769/769 770/770/770 771/771/771
f 772/772/772 773/773/773 774/774/774
f 775/775/775 776/776/776 777/777/777
f 778/778/778 779/779/779 780/780/780
f 781/781/781 782/782/782 783/783/783
f 784/784/784 785/785/785 786/786/786
f 787/787/787 788/788/788 789/789/789
f 790/790/790 791/791/791 792/792/792
o 
v 2.407920009250641 1.9811999797821045 7.110984000349045
v 2.407920009250641 0 7.110984000349045
v 2.86512 0 7.110984000349045
v 6.591796886112888e-8 0 7.110984000349045
v 1.493519968147278 0 7.110984000349045
v 1.493519968147278 1.9811999797821045 7.110984000349045
v 2.407920009250641 1.9811999797821045 7.110984000349045
v 2.86512 0 7.110984000349045
v 2.86512 2.4384000301361084 7.110984000349045
v 6.591796886112888e-8 2.4384000301361084 7.110984000349045
v 6.591796886112888e-8 0 7.110984000349045
v 1.493519968147278 1.9811999797821045 7.110984000349045
v 2.407920009250641 1.9811999797821045 7.110984000349045
v 2.86512 2.4384000301361084 7.110984000349045
v 6.591796886112888e-8 2.4384000301361084 7.110984000349045
v 6.591796886112888e-8 2.4384000301361084 7.110984000349045
v 1.493519968147278 1.9811999797821045 7.110984000349045
v 2.407920009250641 1.9811999797821045 7.110984000349045
v 2.86512 0 6.909815999650956
v 2.407920009250641 0 6.909815999650956
v 2.407920009250641 1.9811999797821045 6.909815999650956
v 1.493519968147278 1.9811999797821045 6.909815999650956
v 1.493519968147278 0 6.909815999650956
v 6.591796886112888e-8 0 6.909815999650956
v 2.86512 2.4384000301361084 6.909815999650956
v 2.86512 0 6.909815999650956
v 2.407920009250641 1.9811999797821045 6.909815999650956
v 1.493519968147278 1.9811999797821045 6.909815999650956
v 6.591796886112888e-8 0 6.909815999650956
v 6.591796886112888e-8 2.4384000301361084 6.909815999650956
v 6.591796886112888e-8 2.4384000301361084 6.909815999650956
v 2.86512 2.4384000301361084 6.909815999650956
v 2.407920009250641 1.9811999797821045 6.909815999650956
v 2.407920009250641 1.9811999797821045 6.909815999650956
v 1.493519968147278 1.9811999797821045 6.909815999650956
v 6.591796886112888e-8 2.4384000301361084 6.909815999650956
v 2.86512 0 7.110984000349045
v 6.591796886112888e-8 0 7.110984000349045
v 2.86512 0 6.909815999650956
v 6.591796886112888e-8 0 7.110984000349045
v 6.591796886112888e-8 0 6.909815999650956
v 2.86512 0 6.909815999650956
v 6.591796886112888e-8 0 7.110984000349045
v 6.591796886112888e-8 2.4384000301361084 7.110984000349045
v 6.591796886112888e-8 0 6.909815999650956
v 6.591796886112888e-8 2.4384000301361084 7.110984000349045
v 6.591796886112888e-8 2.4384000301361084 6.909815999650956
v 6.591796886112888e-8 0 6.909815999650956
v 6.591796886112888e-8 2.4384000301361084 7.110984000349045
v 2.86512 2.4384000301361084 7.110984000349045
v 6.591796886112888e-8 2.4384000301361084 6.909815999650956
v 2.86512 2.4384000301361084 7.110984000349045
v 2.86512 2.4384000301361084 6.909815999650956
v 6.591796886112888e-8 2.4384000301361084 6.909815999650956
v 2.86512 2.4384000301361084 7.110984000349045
v 2.86512 0 7.110984000349045
v 2.86512 2.4384000301361084 6.909815999650956
v 2.86512 0 7.110984000349045
v 2.86512 0 6.909815999650956
v 2.86512 2.4384000301361084 6.909815999650956
v 2.407920009250641 0 7.110984000349045
v 2.407920009250641 1.9811999797821045 7.110984000349045
v 2.407920009250641 0 6.909815999650956
v 2.407920009250641 1.9811999797821045 7.110984000349045
v 2.407920009250641 1.9811999797821045 6.909815999650956
v 2.407920009250641 0 6.909815999650956
v 2.407920009250641 1.9811999797821045 7.110984000349045
v 1.493519968147278 1.9811999797821045 7.110984000349045
v 2.407920009250641 1.9811999797821045 6.909815999650956
v 1.493519968147278 1.9811999797821045 7.110984000349045
v 1.493519968147278 1.9811999797821045 6.909815999650956
v 2.407920009250641 1.9811999797821045 6.909815999650956
v 1.493519968147278 1.9811999797821045 7.110984000349045
v 1.493519968147278 0 7.110984000349045
v 1.493519968147278 1.9811999797821045 6.909815999650956
v 1.493519968147278 0 7.110984000349045
v 1.493519968147278 0 6.909815999650956
v 1.493519968147278 1.9811999797821045 6.909815999650956
v 1.493519968147278 0 7.110984000349045
v 2.407920009250641 0 7.110984000349045
v 1.493519968147278 0 6.909815999650956
v 2.407920009250641 0 7.110984000349045
v 2.407920009250641 0 6.909815999650956
v 1.493519968147278 0 6.909815999650956
vt 0.45719999074935913 1.9811999797821045
vt 0.45719999074935913 0
vt 0 0
vt 2.8651199340820312 0
vt 1.3716000318527222 0
vt 1.3716000318527222 1.9811999797821045
vt 0.45719999074935913 1.9811999797821045
vt 0 0
vt 0 2.4384000301361084
vt 2.8651199340820312 2.4384000301361084
vt 2.8651199340820312 0
vt 1.3716000318527222 1.9811999797821045
vt 0.45719999074935913 1.9811999797821045
vt 0 2.4384000301361084
vt 2.8651199340820312 2.4384000301361084
vt 2.8651199340820312 2.4384000301361084
vt 1.3716000318527222 1.9811999797821045
vt 0.45719999074935913 1.9811999797821045
vt 0 0
vt 0.45719999074935913 0
vt 0.45719999074935913 1.9811999797821045
vt 1.3716000318527222 1.9811999797821045
vt 1.3716000318527222 0
vt 2.8651199340820312 0
vt 0 2.4384000301361084
vt 0 0
vt 0.45719999074935913 1.9811999797821045
vt 1.3716000318527222 1.9811999797821045
vt 2.8651199340820312 0
vt 2.8651199340820312 2.4384000301361084
vt 2.8651199340820312 2.4384000301361084
vt 0 2.4384000301361084
vt 0.45719999074935913 1.9811999797821045
vt 0.45719999074935913 1.9811999797821045
vt 1.3716000318527222 1.9811999797821045
vt 2.8651199340820312 2.4384000301361084
vt 0 1
vt 2.8651199340820312 1
vt 0 0.7988319993019104
vt 2.8651199340820312 1
vt 2.8651199340820312 0.7988319993019104
vt 0 0.7988319993019104
vt 0 1
vt 2.4384000301361084 1
vt 0 0.7988319993019104
vt 2.4384000301361084 1
vt 2.4384000301361084 0.7988319993019104
vt 0 0.7988319993019104
vt 2.8651199340820312 1
vt 0 1
vt 2.8651199340820312 0.7988319993019104
vt 0 1
vt 0 0.7988319993019104
vt 2.8651199340820312 0.7988319993019104
vt 2.4384000301361084 1
vt 0 1
vt 2.4384000301361084 0.7988319993019104
vt 0 1
vt 0 0.7988319993019104
vt 2.4384000301361084 0.7988319993019104
vt 0 1
vt 1.9811999797821045 1
vt 0 0.7988319993019104
vt 1.9811999797821045 1
vt 1.9811999797821045 0.7988319993019104
vt 0 0.7988319993019104
vt 0.45719999074935913 1
vt 1.3716000318527222 1
vt 0.45719999074935913 0.7988319993019104
vt 1.3716000318527222 1
vt 1.3716000318527222 0.7988319993019104
vt 0.45719999074935913 0.7988319993019104
vt 1.9811999797821045 1
vt 0 1
vt 1.9811999797821045 0.7988319993019104
vt 0 1
vt 0 0.7988319993019104
vt 1.9811999797821045 0.7988319993019104
vt 1.3716000318527222 1
vt 0.45719999074935913 1
vt 1.3716000318527222 0.7988319993019104
vt 0.45719999074935913 1
vt 0.45719999074935913 0.7988319993019104
vt 1.3716000318527222 0.7988319993019104
vn 1.2246467991473532e-16 0 1
vn 1.2246467991473532e-16 0 1
vn 1.2246467991473532e-16 0 1
vn 1.2246467991473532e-16 0 1
vn 1.2246467991473532e-16 0 1
vn 1.2246467991473532e-16 0 1
vn 1.2246467991473532e-16 0 1
vn 1.2246467991473532e-16 0 1
vn 1.2246467991473532e-16 0 1
vn 1.2246467991473532e-16 0 1
vn 1.2246467991473532e-16 0 1
vn 1.2246467991473532e-16 0 1
vn 1.2246467991473532e-16 0 1
vn 1.2246467991473532e-16 0 1
vn 1.2246467991473532e-16 0 1
vn 1.2246467991473532e-16 0 1
vn 1.2246467991473532e-16 0 1
vn 1.2246467991473532e-16 0 1
vn -1.2246467991473532e-16 0 -1
vn -1.2246467991473532e-16 0 -1
vn -1.2246467991473532e-16 0 -1
vn -1.2246467991473532e-16 0 -1
vn -1.2246467991473532e-16 0 -1
vn -1.2246467991473532e-16 0 -1
vn -1.2246467991473532e-16 0 -1
vn -1.2246467991473532e-16 0 -1
vn -1.2246467991473532e-16 0 -1
vn -1.2246467991473532e-16 0 -1
vn -1.2246467991473532e-16 0 -1
vn -1.2246467991473532e-16 0 -1
vn -1.2246467991473532e-16 0 -1
vn -1.2246467991473532e-16 0 -1
vn -1.2246467991473532e-16 0 -1
vn -1.2246467991473532e-16 0 -1
vn -1.2246467991473532e-16 0 -1
vn -1.2246467991473532e-16 0 -1
vn 0 -1 0
vn 0 -1 0
vn 0 -1 0
vn 0 -1 0
vn 0 -1 0
vn 0 -1 0
vn -1 0 1.2246467991473532e-16
vn -1 0 1.2246467991473532e-16
vn -1 0 1.2246467991473532e-16
vn -1 0 1.2246467991473532e-16
vn -1 0 1.2246467991473532e-16
vn -1 0 1.2246467991473532e-16
vn 0 1 0
vn 0 1 0
vn 0 1 0
vn 0 1 0
vn 0 1 0
vn 0 1 0
vn 1 0 -1.2246467991473532e-16
vn 1 0 -1.2246467991473532e-16
vn 1 0 -1.2246467991473532e-16
vn 1 0 -1.2246467991473532e-16
vn 1 0 -1.2246467991473532e-16
vn 1 0 -1.2246467991473532e-16
vn -1 0 1.2246467991473532e-16
vn -1 0 1.2246467991473532e-16
vn -1 0 1.2246467991473532e-16
vn -1 0 1.2246467991473532e-16
vn -1 0 1.2246467991473532e-16
vn -1 0 1.2246467991473532e-16
vn 0 -1 0
vn 0 -1 0
vn 0 -1 0
vn 0 -1 0
vn 0 -1 0
vn 0 -1 0
vn 1 0 -1.2246467991473532e-16
vn 1 0 -1.2246467991473532e-16
vn 1 0 -1.2246467991473532e-16
vn 1 0 -1.2246467991473532e-16
vn 1 0 -1.2246467991473532e-16
vn 1 0 -1.2246467991473532e-16
vn 0 1 0
vn 0 1 0
vn 0 1 0
vn 0 1 0
vn 0 1 0
vn 0 1 0
f 793/793/793 794/794/794 795/795/795
f 796/796/796 797/797/797 798/798/798
f 799/799/799 800/800/800 801/801/801
f 802/802/802 803/803/803 804/804/804
f 805/805/805 806/806/806 807/807/807
f 808/808/808 809/809/809 810/810/810
f 811/811/811 812/812/812 813/813/813
f 814/814/814 815/815/815 816/816/816
f 817/817/817 818/818/818 819/819/819
f 820/820/820 821/821/821 822/822/822
f 823/823/823 824/824/824 825/825/825
f 826/826/826 827/827/827 828/828/828
f 829/829/829 830/830/830 831/831/831
f 832/832/832 833/833/833 834/834/834
f 835/835/835 836/836/836 837/837/837
f 838/838/838 839/839/839 840/840/840
f 841/841/841 842/842/842 843/843/843
f 844/844/844 845/845/845 846/846/846
f 847/847/847 848/848/848 849/849/849
f 850/850/850 851/851/851 852/852/852
f 853/853/853 854/854/854 855/855/855
f 856/856/856 857/857/857 858/858/858
f 859/859/859 860/860/860 861/861/861
f 862/862/862 863/863/863 864/864/864
f 865/865/865 866/866/866 867/867/867
f 868/868/868 869/869/869 870/870/870
f 871/871/871 872/872/872 873/873/873
f 874/874/874 875/875/875 876/876/876
o 
v -0.10058400034904405 2.049999952316284 3.6576001075744635
v -0.10058400034904405 0.22120000422000885 3.6576001075744635
v -0.10058400034904419 0.22120000422000885 4.267199936294556
v -0.1005840003490448 0 7.010400000000001
v -0.10058400034904452 0.22120000422000885 5.791199984931946
v -0.10058400034904372 0.22120000422000885 2.133599939727784
v -0.10058400034904452 0.22120000422000885 5.791199984931946
v -0.1005840003490448 0 7.010400000000001
v -0.1005840003490448 2.4384000301361084 7.010400000000001
v -0.10058400034904405 2.049999952316284 3.6576001075744635
v -0.10058400034904419 0.22120000422000885 4.267199936294556
v -0.10058400034904419 2.049999952316284 4.267199936294556
v -0.10058400034904325 0 1.8157959047471195e-7
v -0.1005840003490448 0 7.010400000000001
v -0.10058400034904372 0.22120000422000885 2.133599939727784
v -0.10058400034904452 2.049999952316284 5.791199984931946
v -0.10058400034904452 0.22120000422000885 5.791199984931946
v -0.1005840003490448 2.4384000301361084 7.010400000000001
v -0.10058400034904325 0 1.8157959047471195e-7
v -0.10058400034904372 0.22120000422000885 2.133599939727784
v -0.10058400034904372 2.049999952316284 2.133599939727784
v -0.10058400034904452 2.049999952316284 5.791199984931946
v -0.1005840003490448 2.4384000301361084 7.010400000000001
v -0.10058400034904325 2.4384000301361084 1.8157959047471195e-7
v -0.10058400034904325 2.4384000301361084 1.8157959047471195e-7
v -0.10058400034904325 0 1.8157959047471195e-7
v -0.10058400034904372 2.049999952316284 2.133599939727784
v -0.10058400034904419 2.049999952316284 4.267199936294556
v -0.10058400034904452 2.049999952316284 5.791199984931946
v -0.10058400034904325 2.4384000301361084 1.8157959047471195e-7
v -0.10058400034904325 2.4384000301361084 1.8157959047471195e-7
v -0.10058400034904372 2.049999952316284 2.133599939727784
v -0.10058400034904405 2.049999952316284 3.6576001075744635
v -0.10058400034904405 2.049999952316284 3.6576001075744635
v -0.10058400034904419 2.049999952316284 4.267199936294556
v -0.10058400034904325 2.4384000301361084 1.8157959047471195e-7
v 0.10058400034904541 0.22120000422000885 4.267199936294556
v 0.10058400034904555 0.22120000422000885 3.6576001075744635
v 0.10058400034904555 2.049999952316284 3.6576001075744635
v 0.10058400034904588 0.22120000422000885 2.133599939727784
v 0.10058400034904508 0.22120000422000885 5.791199984931946
v 0.1005840003490448 0 7.010400000000001
v 0.1005840003490448 2.4384000301361084 7.010400000000001
v 0.1005840003490448 0 7.010400000000001
v 0.10058400034904508 0.22120000422000885 5.791199984931946
v 0.10058400034904541 2.049999952316284 4.267199936294556
v 0.10058400034904541 0.22120000422000885 4.267199936294556
v 0.10058400034904555 2.049999952316284 3.6576001075744635
v 0.10058400034904588 0.22120000422000885 2.133599939727784
v 0.1005840003490448 0 7.010400000000001
v 0.10058400034904635 0 1.8157959047471195e-7
v 0.1005840003490448 2.4384000301361084 7.010400000000001
v 0.10058400034904508 0.22120000422000885 5.791199984931946
v 0.10058400034904508 2.049999952316284 5.791199984931946
v 0.10058400034904588 2.049999952316284 2.133599939727784
v 0.10058400034904588 0.22120000422000885 2.133599939727784
v 0.10058400034904635 0 1.8157959047471195e-7
v 0.10058400034904635 2.4384000301361084 1.8157959047471195e-7
v 0.1005840003490448 2.4384000301361084 7.010400000000001
v 0.10058400034904508 2.049999952316284 5.791199984931946
v 0.10058400034904588 2.049999952316284 2.133599939727784
v 0.10058400034904635 0 1.8157959047471195e-7
v 0.10058400034904635 2.4384000301361084 1.8157959047471195e-7
v 0.10058400034904635 2.4384000301361084 1.8157959047471195e-7
v 0.10058400034904508 2.049999952316284 5.791199984931946
v 0.10058400034904541 2.049999952316284 4.267199936294556
v 0.10058400034904555 2.049999952316284 3.6576001075744635
v 0.10058400034904588 2.049999952316284 2.133599939727784
v 0.10058400034904635 2.4384000301361084 1.8157959047471195e-7
v 0.10058400034904635 2.4384000301361084 1.8157959047471195e-7
v 0.10058400034904541 2.049999952316284 4.267199936294556
v 0.10058400034904555 2.049999952316284 3.6576001075744635
v -0.1005840003490448 0 7.010400000000001
v -0.10058400034904325 0 1.8157959047471195e-7
v 0.1005840003490448 0 7.010400000000001
v -0.10058400034904325 0 1.8157959047471195e-7
v 0.10058400034904635 0 1.8157959047471195e-7
v 0.1005840003490448 0 7.010400000000001
v -0.10058400034904325 0 1.8157959047471195e-7
v -0.10058400034904325 2.4384000301361084 1.8157959047471195e-7
v 0.10058400034904635 0 1.8157959047471195e-7
v -0.10058400034904325 2.4384000301361084 1.8157959047471195e-7
v 0.10058400034904635 2.4384000301361084 1.8157959047471195e-7
v 0.10058400034904635 0 1.8157959047471195e-7
v -0.10058400034904325 2.4384000301361084 1.8157959047471195e-7
v -0.1005840003490448 2.4384000301361084 7.010400000000001
v 0.10058400034904635 2.4384000301361084 1.8157959047471195e-7
v -0.1005840003490448 2.4384000301361084 7.010400000000001
v 0.1005840003490448 2.4384000301361084 7.010400000000001
v 0.10058400034904635 2.4384000301361084 1.8157959047471195e-7
v -0.1005840003490448 2.4384000301361084 7.010400000000001
v -0.1005840003490448 0 7.010400000000001
v 0.1005840003490448 2.4384000301361084 7.010400000000001
v -0.1005840003490448 0 7.010400000000001
v 0.1005840003490448 0 7.010400000000001
v 0.1005840003490448 2.4384000301361084 7.010400000000001
v -0.10058400034904452 0.22120000422000885 5.791199984931946
v -0.10058400034904452 2.049999952316284 5.791199984931946
v 0.10058400034904508 0.22120000422000885 5.791199984931946
v -0.10058400034904452 2.049999952316284 5.791199984931946
v 0.10058400034904508 2.049999952316284 5.791199984931946
v 0.10058400034904508 0.22120000422000885 5.791199984931946
v -0.10058400034904452 2.049999952316284 5.791199984931946
v -0.10058400034904419 2.049999952316284 4.267199936294556
v 0.10058400034904508 2.049999952316284 5.791199984931946
v -0.10058400034904419 2.049999952316284 4.267199936294556
v 0.10058400034904541 2.049999952316284 4.267199936294556
v 0.10058400034904508 2.049999952316284 5.791199984931946
v -0.10058400034904419 2.049999952316284 4.267199936294556
v -0.10058400034904419 0.22120000422000885 4.267199936294556
v 0.10058400034904541 2.049999952316284 4.267199936294556
v -0.10058400034904419 0.22120000422000885 4.267199936294556
v 0.10058400034904541 0.22120000422000885 4.267199936294556
v 0.10058400034904541 2.049999952316284 4.267199936294556
v -0.10058400034904419 0.22120000422000885 4.267199936294556
v -0.10058400034904452 0.22120000422000885 5.791199984931946
v 0.10058400034904541 0.22120000422000885 4.267199936294556
v -0.10058400034904452 0.22120000422000885 5.791199984931946
v 0.10058400034904508 0.22120000422000885 5.791199984931946
v 0.10058400034904541 0.22120000422000885 4.267199936294556
v -0.10058400034904405 0.22120000422000885 3.6576001075744635
v -0.10058400034904405 2.049999952316284 3.6576001075744635
v 0.10058400034904555 0.22120000422000885 3.6576001075744635
v -0.10058400034904405 2.049999952316284 3.6576001075744635
v 0.10058400034904555 2.049999952316284 3.6576001075744635
v 0.10058400034904555 0.22120000422000885 3.6576001075744635
v -0.10058400034904405 2.049999952316284 3.6576001075744635
v -0.10058400034904372 2.049999952316284 2.133599939727784
v 0.10058400034904555 2.049999952316284 3.6576001075744635
v -0.10058400034904372 2.049999952316284 2.133599939727784
v 0.10058400034904588 2.049999952316284 2.133599939727784
v 0.10058400034904555 2.049999952316284 3.6576001075744635
v -0.10058400034904372 2.049999952316284 2.133599939727784
v -0.10058400034904372 0.22120000422000885 2.133599939727784
v 0.10058400034904588 2.049999952316284 2.133599939727784
v -0.10058400034904372 0.22120000422000885 2.133599939727784
v 0.10058400034904588 0.22120000422000885 2.133599939727784
v 0.10058400034904588 2.049999952316284 2.133599939727784
v -0.10058400034904372 0.22120000422000885 2.133599939727784
v -0.10058400034904405 0.22120000422000885 3.6576001075744635
v 0.10058400034904588 0.22120000422000885 2.133599939727784
v -0.10058400034904405 0.22120000422000885 3.6576001075744635
v 0.10058400034904555 0.22120000422000885 3.6576001075744635
v 0.10058400034904588 0.22120000422000885 2.133599939727784
vt 3.352799892425537 2.049999952316284
vt 3.352799892425537 0.22120000422000885
vt 2.7432000637054443 0.22120000422000885
vt 0 0
vt 1.2192000150680542 0.22120000422000885
vt 4.876800060272217 0.22120000422000885
vt 1.2192000150680542 0.22120000422000885
vt 0 0
vt 0 2.4384000301361084
vt 3.352799892425537 2.049999952316284
vt 2.7432000637054443 0.22120000422000885
vt 2.7432000637054443 2.049999952316284
vt 7.01039981842041 0
vt 0 0
vt 4.876800060272217 0.22120000422000885
vt 1.2192000150680542 2.049999952316284
vt 1.2192000150680542 0.22120000422000885
vt 0 2.4384000301361084
vt 7.01039981842041 0
vt 4.876800060272217 0.22120000422000885
vt 4.876800060272217 2.049999952316284
vt 1.2192000150680542 2.049999952316284
vt 0 2.4384000301361084
vt 7.01039981842041 2.4384000301361084
vt 7.01039981842041 2.4384000301361084
vt 7.01039981842041 0
vt 4.876800060272217 2.049999952316284
vt 2.7432000637054443 2.049999952316284
vt 1.2192000150680542 2.049999952316284
vt 7.01039981842041 2.4384000301361084
vt 7.01039981842041 2.4384000301361084
vt 4.876800060272217 2.049999952316284
vt 3.352799892425537 2.049999952316284
vt 3.352799892425537 2.049999952316284
vt 2.7432000637054443 2.049999952316284
vt 7.01039981842041 2.4384000301361084
vt 2.7432000637054443 0.22120000422000885
vt 3.352799892425537 0.22120000422000885
vt 3.352799892425537 2.049999952316284
vt 4.876800060272217 0.22120000422000885
vt 1.2192000150680542 0.22120000422000885
vt 0 0
vt 0 2.4384000301361084
vt 0 0
vt 1.2192000150680542 0.22120000422000885
vt 2.7432000637054443 2.049999952316284
vt 2.7432000637054443 0.22120000422000885
vt 3.352799892425537 2.049999952316284
vt 4.876800060272217 0.22120000422000885
vt 0 0
vt 7.01039981842041 0
vt 0 2.4384000301361084
vt 1.2192000150680542 0.22120000422000885
vt 1.2192000150680542 2.049999952316284
vt 4.876800060272217 2.049999952316284
vt 4.876800060272217 0.22120000422000885
vt 7.01039981842041 0
vt 7.01039981842041 2.4384000301361084
vt 0 2.4384000301361084
vt 1.2192000150680542 2.049999952316284
vt 4.876800060272217 2.049999952316284
vt 7.01039981842041 0
vt 7.01039981842041 2.4384000301361084
vt 7.01039981842041 2.4384000301361084
vt 1.2192000150680542 2.049999952316284
vt 2.7432000637054443 2.049999952316284
vt 3.352799892425537 2.049999952316284
vt 4.876800060272217 2.049999952316284
vt 7.01039981842041 2.4384000301361084
vt 7.01039981842041 2.4384000301361084
vt 2.7432000637054443 2.049999952316284
vt 3.352799892425537 2.049999952316284
vt 0 1
vt 7.01039981842041 1
vt 0 0.7988319993019104
vt 7.01039981842041 1
vt 7.01039981842041 0.7988319993019104
vt 0 0.7988319993019104
vt 0 1
vt 2.4384000301361084 1
vt 0 0.7988319993019104
vt 2.4384000301361084 1
vt 2.4384000301361084 0.7988319993019104
vt 0 0.7988319993019104
vt 7.01039981842041 1
vt 0 1
vt 7.01039981842041 0.7988319993019104
vt 0 1
vt 0 0.7988319993019104
vt 7.01039981842041 0.7988319993019104
vt 2.4384000301361084 1
vt 0 1
vt 2.4384000301361084 0.7988319993019104
vt 0 1
vt 0 0.7988319993019104
vt 2.4384000301361084 0.7988319993019104
vt 0.22120000422000885 1
vt 2.049999952316284 1
vt 0.22120000422000885 0.7988319993019104
vt 2.049999952316284 1
vt 2.049999952316284 0.7988319993019104
vt 0.22120000422000885 0.7988319993019104
vt 1.2192000150680542 1
vt 2.7432000637054443 1
vt 1.2192000150680542 0.7988319993019104
vt 2.7432000637054443 1
vt 2.7432000637054443 0.7988319993019104
vt 1.2192000150680542 0.7988319993019104
vt 2.049999952316284 1
vt 0.22120000422000885 1
vt 2.049999952316284 0.7988319993019104
vt 0.22120000422000885 1
vt 0.22120000422000885 0.7988319993019104
vt 2.049999952316284 0.7988319993019104
vt 2.7432000637054443 1
vt 1.2192000150680542 1
vt 2.7432000637054443 0.7988319993019104
vt 1.2192000150680542 1
vt 1.2192000150680542 0.7988319993019104
vt 2.7432000637054443 0.7988319993019104
vt 0.22120000422000885 1
vt 2.049999952316284 1
vt 0.22120000422000885 0.7988319993019104
vt 2.049999952316284 1
vt 2.049999952316284 0.7988319993019104
vt 0.22120000422000885 0.7988319993019104
vt 3.352799892425537 1
vt 4.876800060272217 1
vt 3.352799892425537 0.7988319993019104
vt 4.876800060272217 1
vt 4.876800060272217 0.7988319993019104
vt 3.352799892425537 0.7988319993019104
vt 2.049999952316284 1
vt 0.22120000422000885 1
vt 2.049999952316284 0.7988319993019104
vt 0.22120000422000885 1
vt 0.22120000422000885 0.7988319993019104
vt 2.049999952316284 0.7988319993019104
vt 4.876800060272217 1
vt 3.352799892425537 1
vt 4.876800060272217 0.7988319993019104
vt 3.352799892425537 1
vt 3.352799892425537 0.7988319993019104
vt 4.876800060272217 0.7988319993019104
vn -1 0 -2.220446049250313e-16
vn -1 0 -2.220446049250313e-16
vn -1 0 -2.220446049250313e-16
vn -1 0 -2.220446049250313e-16
vn -1 0 -2.220446049250313e-16
vn -1 0 -2.220446049250313e-16
vn -1 0 -2.220446049250313e-16
vn -1 0 -2.220446049250313e-16
vn -1 0 -2.220446049250313e-16
vn -1 0 -2.220446049250313e-16
vn -1 0 -2.220446049250313e-16
vn -1 0 -2.220446049250313e-16
vn -1 0 -2.220446049250313e-16
vn -1 0 -2.220446049250313e-16
vn -1 0 -2.220446049250313e-16
vn -1 0 -2.220446049250313e-16
vn -1 0 -2.220446049250313e-16
vn -1 0 -2.220446049250313e-16
vn -1 0 -2.220446049250313e-16
vn -1 0 -2.220446049250313e-16
vn -1 0 -2.220446049250313e-16
vn -1 0 -2.220446049250313e-16
vn -1 0 -2.220446049250313e-16
vn -1 0 -2.220446049250313e-16
vn -1 0 -2.220446049250313e-16
vn -1 0 -2.220446049250313e-16
vn -1 0 -2.220446049250313e-16
vn -1 0 -2.220446049250313e-16
vn -1 0 -2.220446049250313e-16
vn -1 0 -2.220446049250313e-16
vn -1 0 -2.220446049250313e-16
vn -1 0 -2.220446049250313e-16
vn -1 0 -2.220446049250313e-16
vn -1 0 -2.220446049250313e-16
vn -1 0 -2.220446049250313e-16
vn -1 0 -2.220446049250313e-16
vn 1 0 2.220446049250313e-16
vn 1 0 2.220446049250313e-16
vn 1 0 2.220446049250313e-16
vn 1 0 2.220446049250313e-16
vn 1 0 2.220446049250313e-16
vn 1 0 2.220446049250313e-16
vn 1 0 2.220446049250313e-16
vn 1 0 2.220446049250313e-16
vn 1 0 2.220446049250313e-16
vn 1 0 2.220446049250313e-16
vn 1 0 2.220446049250313e-16
vn 1 0 2.220446049250313e-16
vn 1 0 2.220446049250313e-16
vn 1 0 2.220446049250313e-16
vn 1 0 2.220446049250313e-16
vn 1 0 2.220446049250313e-16
vn 1 0 2.220446049250313e-16
vn 1 0 2.220446049250313e-16
vn 1 0 2.220446049250313e-16
vn 1 0 2.220446049250313e-16
vn 1 0 2.220446049250313e-16
vn 1 0 2.220446049250313e-16
vn 1 0 2.220446049250313e-16
vn 1 0 2.220446049250313e-16
vn 1 0 2.220446049250313e-16
vn 1 0 2.220446049250313e-16
vn 1 0 2.220446049250313e-16
vn 1 0 2.220446049250313e-16
vn 1 0 2.220446049250313e-16
vn 1 0 2.220446049250313e-16
vn 1 0 2.220446049250313e-16
vn 1 0 2.220446049250313e-16
vn 1 0 2.220446049250313e-16
vn 1 0 2.220446049250313e-16
vn 1 0 2.220446049250313e-16
vn 1 0 2.220446049250313e-16
vn 0 -1 0
vn 0 -1 0
vn 0 -1 0
vn 0 -1 0
vn 0 -1 0
vn 0 -1 0
vn 2.220446049250313e-16 0 -1
vn 2.220446049250313e-16 0 -1
vn 2.220446049250313e-16 0 -1
vn 2.220446049250313e-16 0 -1
vn 2.220446049250313e-16 0 -1
vn 2.220446049250313e-16 0 -1
vn 0 1 0
vn 0 1 0
vn 0 1 0
vn 0 1 0
vn 0 1 0
vn 0 1 0
vn -2.220446049250313e-16 0 1
vn -2.220446049250313e-16 0 1
vn -2.220446049250313e-16 0 1
vn -2.220446049250313e-16 0 1
vn -2.220446049250313e-16 0 1
vn -2.220446049250313e-16 0 1
vn 2.220446049250313e-16 0 -1
vn 2.220446049250313e-16 0 -1
vn 2.220446049250313e-16 0 -1
vn 2.220446049250313e-16 0 -1
vn 2.220446049250313e-16 0 -1
vn 2.220446049250313e-16 0 -1
vn 0 -1 0
vn 0 -1 0
vn 0 -1 0
vn 0 -1 0
vn 0 -1 0
vn 0 -1 0
vn -2.220446049250313e-16 0 1
vn -2.220446049250313e-16 0 1
vn -2.220446049250313e-16 0 1
vn -2.220446049250313e-16 0 1
vn -2.220446049250313e-16 0 1
vn -2.220446049250313e-16 0 1
vn 0 1 0
vn 0 1 0
vn 0 1 0
vn 0 1 0
vn 0 1 0
vn 0 1 0
vn 2.220446049250313e-16 0 -1
vn 2.220446049250313e-16 0 -1
vn 2.220446049250313e-16 0 -1
vn 2.220446049250313e-16 0 -1
vn 2.220446049250313e-16 0 -1
vn 2.220446049250313e-16 0 -1
vn 0 -1 0
vn 0 -1 0
vn 0 -1 0
vn 0 -1 0
vn 0 -1 0
vn 0 -1 0
vn -2.220446049250313e-16 0 1
vn -2.220446049250313e-16 0 1
vn -2.220446049250313e-16 0 1
vn -2.220446049250313e-16 0 1
vn -2.220446049250313e-16 0 1
vn -2.220446049250313e-16 0 1
vn 0 1 0
vn 0 1 0
vn 0 1 0
vn 0 1 0
vn 0 1 0
vn 0 1 0
f 877/877/877 878/878/878 879/879/879
f 880/880/880 881/881/881 882/882/882
f 883/883/883 884/884/884 885/885/885
f 886/886/886 887/887/887 888/888/888
f 889/889/889 890/890/890 891/891/891
f 892/892/892 893/893/893 894/894/894
f 895/895/895 896/896/896 897/897/897
f 898/898/898 899/899/899 900/900/900
f 901/901/901 902/902/902 903/903/903
f 904/904/904 905/905/905 906/906/906
f 907/907/907 908/908/908 909/909/909
f 910/910/910 911/911/911 912/912/912
f 913/913/913 914/914/914 915/915/915
f 916/916/916 917/917/917 918/918/918
f 919/919/919 920/920/920 921/921/921
f 922/922/922 923/923/923 924/924/924
f 925/925/925 926/926/926 927/927/927
f 928/928/928 929/929/929 930/930/930
f 931/931/931 932/932/932 933/933/933
f 934/934/934 935/935/935 936/936/936
f 937/937/937 938/938/938 939/939/939
f 940/940/940 941/941/941 942/942/942
f 943/943/943 944/944/944 945/945/945
f 946/946/946 947/947/947 948/948/948
f 949/949/949 950/950/950 951/951/951
f 952/952/952 953/953/953 954/954/954
f 955/955/955 956/956/956 957/957/957
f 958/958/958 959/959/959 960/960/960
f 961/961/961 962/962/962 963/963/963
f 964/964/964 965/965/965 966/966/966
f 967/967/967 968/968/968 969/969/969
f 970/970/970 971/971/971 972/972/972
f 973/973/973 974/974/974 975/975/975
f 976/976/976 977/977/977 978/978/978
f 979/979/979 980/980/980 981/981/981
f 982/982/982 983/983/983 984/984/984
f 985/985/985 986/986/986 987/987/987
f 988/988/988 989/989/989 990/990/990
f 991/991/991 992/992/992 993/993/993
f 994/994/994 995/995/995 996/996/996
f 997/997/997 998/998/998 999/999/999
f 1000/1000/1000 1001/1001/1001 1002/1002/1002
f 1003/1003/1003 1004/1004/1004 1005/1005/1005
f 1006/1006/1006 1007/1007/1007 1008/1008/1008
f 1009/1009/1009 1010/1010/1010 1011/1011/1011
f 1012/1012/1012 1013/1013/1013 1014/1014/1014
f 1015/1015/1015 1016/1016/1016 1017/1017/1017
f 1018/1018/1018 1019/1019/1019 1020/1020/1020
o 
v 2.9291279975128184 2.032101631164551 4.572000026702881
v 2.9291279975128184 0 4.572000026702881
v 2.9291279975128175 0 -1.4212630519775922e-17
v 2.929127997512819 0 5.8521599769592285
v 2.929127997512819 0 5.394959926605225
v 2.929127997512819 2.032101631164551 5.394959926605225
v 2.9291279975128184 2.032101631164551 4.572000026702881
v 2.9291279975128175 0 -1.4212630519775922e-17
v 2.9291279975128175 2.4384000301361084 -1.4212630519775922e-17
v 2.929127997512819 2.4384000301361084 5.8521599769592285
v 2.929127997512819 0 5.8521599769592285
v 2.929127997512819 2.032101631164551 5.394959926605225
v 2.9291279975128184 2.032101631164551 4.572000026702881
v 2.9291279975128175 2.4384000301361084 -1.4212630519775922e-17
v 2.929127997512819 2.4384000301361084 5.8521599769592285
v 2.929127997512819 2.4384000301361084 5.8521599769592285
v 2.929127997512819 2.032101631164551 5.394959926605225
v 2.9291279975128184 2.032101631164551 4.572000026702881
v 2.8011120024871827 0 1.4212630519775922e-17
v 2.8011120024871836 0 4.572000026702881
v 2.8011120024871836 2.032101631164551 4.572000026702881
v 2.801112002487184 2.032101631164551 5.394959926605225
v 2.801112002487184 0 5.394959926605225
v 2.801112002487184 0 5.8521599769592285
v 2.8011120024871827 2.4384000301361084 1.4212630519775922e-17
v 2.8011120024871827 0 1.4212630519775922e-17
v 2.8011120024871836 2.032101631164551 4.572000026702881
v 2.801112002487184 2.032101631164551 5.394959926605225
v 2.801112002487184 0 5.8521599769592285
v 2.801112002487184 2.4384000301361084 5.8521599769592285
v 2.801112002487184 2.4384000301361084 5.8521599769592285
v 2.8011120024871827 2.4384000301361084 1.4212630519775922e-17
v 2.8011120024871836 2.032101631164551 4.572000026702881
v 2.8011120024871836 2.032101631164551 4.572000026702881
v 2.801112002487184 2.032101631164551 5.394959926605225
v 2.801112002487184 2.4384000301361084 5.8521599769592285
v 2.9291279975128175 0 -1.4212630519775922e-17
v 2.929127997512819 0 5.8521599769592285
v 2.8011120024871827 0 1.4212630519775922e-17
v 2.929127997512819 0 5.8521599769592285
v 2.801112002487184 0 5.8521599769592285
v 2.8011120024871827 0 1.4212630519775922e-17
v 2.929127997512819 0 5.8521599769592285
v 2.929127997512819 2.4384000301361084 5.8521599769592285
v 2.801112002487184 0 5.8521599769592285
v 2.929127997512819 2.4384000301361084 5.8521599769592285
v 2.801112002487184 2.4384000301361084 5.8521599769592285
v 2.801112002487184 0 5.8521599769592285
v 2.929127997512819 2.4384000301361084 5.8521599769592285
v 2.9291279975128175 2.4384000301361084 -1.4212630519775922e-17
v 2.801112002487184 2.4384000301361084 5.8521599769592285
v 2.9291279975128175 2.4384000301361084 -1.4212630519775922e-17
v 2.8011120024871827 2.4384000301361084 1.4212630519775922e-17
v 2.801112002487184 2.4384000301361084 5.8521599769592285
v 2.9291279975128175 2.4384000301361084 -1.4212630519775922e-17
v 2.9291279975128175 0 -1.4212630519775922e-17
v 2.8011120024871827 2.4384000301361084 1.4212630519775922e-17
v 2.9291279975128175 0 -1.4212630519775922e-17
v 2.8011120024871827 0 1.4212630519775922e-17
v 2.8011120024871827 2.4384000301361084 1.4212630519775922e-17
v 2.9291279975128184 0 4.572000026702881
v 2.9291279975128184 2.032101631164551 4.572000026702881
v 2.8011120024871836 0 4.572000026702881
v 2.9291279975128184 2.032101631164551 4.572000026702881
v 2.8011120024871836 2.032101631164551 4.572000026702881
v 2.8011120024871836 0 4.572000026702881
v 2.9291279975128184 2.032101631164551 4.572000026702881
v 2.929127997512819 2.032101631164551 5.394959926605225
v 2.8011120024871836 2.032101631164551 4.572000026702881
v 2.929127997512819 2.032101631164551 5.394959926605225
v 2.801112002487184 2.032101631164551 5.394959926605225
v 2.8011120024871836 2.032101631164551 4.572000026702881
v 2.929127997512819 2.032101631164551 5.394959926605225
v 2.929127997512819 0 5.394959926605225
v 2.801112002487184 2.032101631164551 5.394959926605225
v 2.929127997512819 0 5.394959926605225
v 2.801112002487184 0 5.394959926605225
v 2.801112002487184 2.032101631164551 5.394959926605225
v 2.929127997512819 0 5.394959926605225
v 2.9291279975128184 0 4.572000026702881
v 2.801112002487184 0 5.394959926605225
v 2.9291279975128184 0 4.572000026702881
v 2.8011120024871836 0 4.572000026702881
v 2.801112002487184 0 5.394959926605225
vt 4.572000026702881 2.032101631164551
vt 4.572000026702881 0
vt 0 0
vt 5.8521599769592285 0
vt 5.394959926605225 0
vt 5.394959926605225 2.032101631164551
vt 4.572000026702881 2.032101631164551
vt 0 0
vt 0 2.4384000301361084
vt 5.8521599769592285 2.4384000301361084
vt 5.8521599769592285 0
vt 5.394959926605225 2.032101631164551
vt 4.572000026702881 2.032101631164551
vt 0 2.4384000301361084
vt 5.8521599769592285 2.4384000301361084
vt 5.8521599769592285 2.4384000301361084
vt 5.394959926605225 2.032101631164551
vt 4.572000026702881 2.032101631164551
vt 0 0
vt 4.572000026702881 0
vt 4.572000026702881 2.032101631164551
vt 5.394959926605225 2.032101631164551
vt 5.394959926605225 0
vt 5.8521599769592285 0
vt 0 2.4384000301361084
vt 0 0
vt 4.572000026702881 2.032101631164551
vt 5.394959926605225 2.032101631164551
vt 5.8521599769592285 0
vt 5.8521599769592285 2.4384000301361084
vt 5.8521599769592285 2.4384000301361084
vt 0 2.4384000301361084
vt 4.572000026702881 2.032101631164551
vt 4.572000026702881 2.032101631164551
vt 5.394959926605225 2.032101631164551
vt 5.8521599769592285 2.4384000301361084
vt 0 1
vt 5.8521599769592285 1
vt 0 0.8719840049743652
vt 5.8521599769592285 1
vt 5.8521599769592285 0.8719840049743652
vt 0 0.8719840049743652
vt 0 1
vt 2.4384000301361084 1
vt 0 0.8719840049743652
vt 2.4384000301361084 1
vt 2.4384000301361084 0.8719840049743652
vt 0 0.8719840049743652
vt 5.8521599769592285 1
vt 0 1
vt 5.8521599769592285 0.8719840049743652
vt 0 1
vt 0 0.8719840049743652
vt 5.8521599769592285 0.8719840049743652
vt 2.4384000301361084 1
vt 0 1
vt 2.4384000301361084 0.8719840049743652
vt 0 1
vt 0 0.8719840049743652
vt 2.4384000301361084 0.8719840049743652
vt 0 1
vt 2.032101631164551 1
vt 0 0.8719840049743652
vt 2.032101631164551 1
vt 2.032101631164551 0.8719840049743652
vt 0 0.8719840049743652
vt 4.572000026702881 1
vt 5.394959926605225 1
vt 4.572000026702881 0.8719840049743652
vt 5.394959926605225 1
vt 5.394959926605225 0.8719840049743652
vt 4.572000026702881 0.8719840049743652
vt 2.032101631164551 1
vt 0 1
vt 2.032101631164551 0.8719840049743652
vt 0 1
vt 0 0.8719840049743652
vt 2.032101631164551 0.8719840049743652
vt 5.394959926605225 1
vt 4.572000026702881 1
vt 5.394959926605225 0.8719840049743652
vt 4.572000026702881 1
vt 4.572000026702881 0.8719840049743652
vt 5.394959926605225 0.8719840049743652
vn 1 0 -2.220446049250313e-16
vn 1 0 -2.220446049250313e-16
vn 1 0 -2.220446049250313e-16
vn 1 0 -2.220446049250313e-16
vn 1 0 -2.220446049250313e-16
vn 1 0 -2.220446049250313e-16
vn 1 0 -2.220446049250313e-16
vn 1 0 -2.220446049250313e-16
vn 1 0 -2.220446049250313e-16
vn 1 0 -2.220446049250313e-16
vn 1 0 -2.220446049250313e-16
vn 1 0 -2.220446049250313e-16
vn 1 0 -2.220446049250313e-16
vn 1 0 -2.220446049250313e-16
vn 1 0 -2.220446049250313e-16
vn 1 0 -2.220446049250313e-16
vn 1 0 -2.220446049250313e-16
vn 1 0 -2.220446049250313e-16
vn -1 0 2.220446049250313e-16
vn -1 0 2.220446049250313e-16
vn -1 0 2.220446049250313e-16
vn -1 0 2.220446049250313e-16
vn -1 0 2.220446049250313e-16
vn -1 0 2.220446049250313e-16
vn -1 0 2.220446049250313e-16
vn -1 0 2.220446049250313e-16
vn -1 0 2.220446049250313e-16
vn -1 0 2.220446049250313e-16
vn -1 0 2.220446049250313e-16
vn -1 0 2.220446049250313e-16
vn -1 0 2.220446049250313e-16
vn -1 0 2.220446049250313e-16
vn -1 0 2.220446049250313e-16
vn -1 0 2.220446049250313e-16
vn -1 0 2.220446049250313e-16
vn -1 0 2.220446049250313e-16
vn 0 -1 0
vn 0 -1 0
vn 0 -1 0
vn 0 -1 0
vn 0 -1 0
vn 0 -1 0
vn 2.220446049250313e-16 0 1
vn 2.220446049250313e-16 0 1
vn 2.220446049250313e-16 0 1
vn 2.220446049250313e-16 0 1
vn 2.220446049250313e-16 0 1
vn 2.220446049250313e-16 0 1
vn 0 1 0
vn 0 1 0
vn 0 1 0
vn 0 1 0
vn 0 1 0
vn 0 1 0
vn -2.220446049250313e-16 0 -1
vn -2.220446049250313e-16 0 -1
vn -2.220446049250313e-16 0 -1
vn -2.220446049250313e-16 0 -1
vn -2.220446049250313e-16 0 -1
vn -2.220446049250313e-16 0 -1
vn 2.220446049250313e-16 0 1
vn 2.220446049250313e-16 0 1
vn 2.220446049250313e-16 0 1
vn 2.220446049250313e-16 0 1
vn 2.220446049250313e-16 0 1
vn 2.220446049250313e-16 0 1
vn 0 -1 0
vn 0 -1 0
vn 0 -1 0
vn 0 -1 0
vn 0 -1 0
vn 0 -1 0
vn -2.220446049250313e-16 0 -1
vn -2.220446049250313e-16 0 -1
vn -2.220446049250313e-16 0 -1
vn -2.220446049250313e-16 0 -1
vn -2.220446049250313e-16 0 -1
vn -2.220446049250313e-16 0 -1
vn 0 1 0
vn 0 1 0
vn 0 1 0
vn 0 1 0
vn 0 1 0
vn 0 1 0
f 1021/1021/1021 1022/1022/1022 1023/1023/1023
f 1024/1024/1024 1025/1025/1025 1026/1026/1026
f 1027/1027/1027 1028/1028/1028 1029/1029/1029
f 1030/1030/1030 1031/1031/1031 1032/1032/1032
f 1033/1033/1033 1034/1034/1034 1035/1035/1035
f 1036/1036/1036 1037/1037/1037 1038/1038/1038
f 1039/1039/1039 1040/1040/1040 1041/1041/1041
f 1042/1042/1042 1043/1043/1043 1044/1044/1044
f 1045/1045/1045 1046/1046/1046 1047/1047/1047
f 1048/1048/1048 1049/1049/1049 1050/1050/1050
f 1051/1051/1051 1052/1052/1052 1053/1053/1053
f 1054/1054/1054 1055/1055/1055 1056/1056/1056
f 1057/1057/1057 1058/1058/1058 1059/1059/1059
f 1060/1060/1060 1061/1061/1061 1062/1062/1062
f 1063/1063/1063 1064/1064/1064 1065/1065/1065
f 1066/1066/1066 1067/1067/1067 1068/1068/1068
f 1069/1069/1069 1070/1070/1070 1071/1071/1071
f 1072/1072/1072 1073/1073/1073 1074/1074/1074
f 1075/1075/1075 1076/1076/1076 1077/1077/1077
f 1078/1078/1078 1079/1079/1079 1080/1080/1080
f 1081/1081/1081 1082/1082/1082 1083/1083/1083
f 1084/1084/1084 1085/1085/1085 1086/1086/1086
f 1087/1087/1087 1088/1088/1088 1089/1089/1089
f 1090/1090/1090 1091/1091/1091 1092/1092/1092
f 1093/1093/1093 1094/1094/1094 1095/1095/1095
f 1096/1096/1096 1097/1097/1097 1098/1098/1098
f 1099/1099/1099 1100/1100/1100 1101/1101/1101
f 1102/1102/1102 1103/1103/1103 1104/1104/1104
o 
v 0 0 5.788152002487183
v 0 2.4384000301361084 5.788152002487183
v 2.8651199340820312 2.4384000301361084 5.788152002487183
v 2.8651199340820312 2.4384000301361084 5.788152002487183
v 2.8651199340820312 0 5.788152002487183
v 0 0 5.788152002487183
v 2.8651199340820312 2.4384000301361084 5.916167997512818
v 0 2.4384000301361084 5.916167997512818
v 0 0 5.916167997512818
v 0 0 5.916167997512818
v 2.8651199340820312 0 5.916167997512818
v 2.8651199340820312 2.4384000301361084 5.916167997512818
v 0 0 5.788152002487183
v 2.8651199340820312 0 5.788152002487183
v 0 0 5.916167997512818
v 2.8651199340820312 0 5.788152002487183
v 2.8651199340820312 0 5.916167997512818
v 0 0 5.916167997512818
v 2.8651199340820312 0 5.788152002487183
v 2.8651199340820312 2.4384000301361084 5.788152002487183
v 2.8651199340820312 0 5.916167997512818
v 2.8651199340820312 2.4384000301361084 5.788152002487183
v 2.8651199340820312 2.4384000301361084 5.916167997512818
v 2.8651199340820312 0 5.916167997512818
v 2.8651199340820312 2.4384000301361084 5.788152002487183
v 0 2.4384000301361084 5.788152002487183
v 2.8651199340820312 2.4384000301361084 5.916167997512818
v 0 2.4384000301361084 5.788152002487183
v 0 2.4384000301361084 5.916167997512818
v 2.8651199340820312 2.4384000301361084 5.916167997512818
v 0 2.4384000301361084 5.788152002487183
v 0 0 5.788152002487183
v 0 2.4384000301361084 5.916167997512818
v 0 0 5.788152002487183
v 0 0 5.916167997512818
v 0 2.4384000301361084 5.916167997512818
vt 0 0
vt 0 2.4384000301361084
vt 2.8651199340820312 2.4384000301361084
vt 2.8651199340820312 2.4384000301361084
vt 2.8651199340820312 0
vt 0 0
vt 2.8651199340820312 2.4384000301361084
vt 0 2.4384000301361084
vt 0 0
vt 0 0
vt 2.8651199340820312 0
vt 2.8651199340820312 2.4384000301361084
vt 0 1
vt 2.8651199340820312 1
vt 0 0.8719840049743652
vt 2.8651199340820312 1
vt 2.8651199340820312 0.8719840049743652
vt 0 0.8719840049743652
vt 0 1
vt 2.4384000301361084 1
vt 0 0.8719840049743652
vt 2.4384000301361084 1
vt 2.4384000301361084 0.8719840049743652
vt 0 0.8719840049743652
vt 2.8651199340820312 1
vt 0 1
vt 2.8651199340820312 0.8719840049743652
vt 0 1
vt 0 0.8719840049743652
vt 2.8651199340820312 0.8719840049743652
vt 2.4384000301361084 1
vt 0 1
vt 2.4384000301361084 0.8719840049743652
vt 0 1
vt 0 0.8719840049743652
vt 2.4384000301361084 0.8719840049743652
vn 0 0 -1
vn 0 0 -1
vn 0 0 -1
vn 0 0 -1
vn 0 0 -1
vn 0 0 -1
vn 0 0 1
vn 0 0 1
vn 0 0 1
vn 0 0 1
vn 0 0 1
vn 0 0 1
vn 0 -1 0
vn 0 -1 0
vn 0 -1 0
vn 0 -1 0
vn 0 -1 0
vn 0 -1 0
vn 1 0 0
vn 1 0 0
vn 1 0 0
vn 1 0 0
vn 1 0 0
vn 1 0 0
vn 0 1 0
vn 0 1 0
vn 0 1 0
vn 0 1 0
vn 0 1 0
vn 0 1 0
vn -1 0 0
vn -1 0 0
vn -1 0 0
vn -1 0 0
vn -1 0 0
vn -1 0 0
f 1105/1105/1105 1106/1106/1106 1107/1107/1107
f 1108/1108/1108 1109/1109/1109 1110/1110/1110
f 1111/1111/1111 1112/1112/1112 1113/1113/1113
f 1114/1114/1114 1115/1115/1115 1116/1116/1116
f 1117/1117/1117 1118/1118/1118 1119/1119/1119
f 1120/1120/1120 1121/1121/1121 1122/1122/1122
f 1123/1123/1123 1124/1124/1124 1125/1125/1125
f 1126/1126/1126 1127/1127/1127 1128/1128/1128
f 1129/1129/1129 1130/1130/1130 1131/1131/1131
f 1132/1132/1132 1133/1133/1133 1134/1134/1134
f 1135/1135/1135 1136/1136/1136 1137/1137/1137
f 1138/1138/1138 1139/1139/1139 1140/1140/1140
o 
v 6.861047997512818 0 -1.4212630519775922e-17
v 6.861047997512818 2.4384000301361084 -1.4212630519775922e-17
v 6.86104799751282 2.4384000301361084 7.01039981842041
v 6.86104799751282 2.4384000301361084 7.01039981842041
v 6.86104799751282 0 7.01039981842041
v 6.861047997512818 0 -1.4212630519775922e-17
v 6.733032002487185 2.4384000301361084 7.01039981842041
v 6.7330320024871835 2.4384000301361084 1.4212630519775922e-17
v 6.7330320024871835 0 1.4212630519775922e-17
v 6.7330320024871835 0 1.4212630519775922e-17
v 6.733032002487185 0 7.01039981842041
v 6.733032002487185 2.4384000301361084 7.01039981842041
v 6.861047997512818 0 -1.4212630519775922e-17
v 6.86104799751282 0 7.01039981842041
v 6.7330320024871835 0 1.4212630519775922e-17
v 6.86104799751282 0 7.01039981842041
v 6.733032002487185 0 7.01039981842041
v 6.7330320024871835 0 1.4212630519775922e-17
v 6.86104799751282 0 7.01039981842041
v 6.86104799751282 2.4384000301361084 7.01039981842041
v 6.733032002487185 0 7.01039981842041
v 6.86104799751282 2.4384000301361084 7.01039981842041
v 6.733032002487185 2.4384000301361084 7.01039981842041
v 6.733032002487185 0 7.01039981842041
v 6.86104799751282 2.4384000301361084 7.01039981842041
v 6.861047997512818 2.4384000301361084 -1.4212630519775922e-17
v 6.733032002487185 2.4384000301361084 7.01039981842041
v 6.861047997512818 2.4384000301361084 -1.4212630519775922e-17
v 6.7330320024871835 2.4384000301361084 1.4212630519775922e-17
v 6.733032002487185 2.4384000301361084 7.01039981842041
v 6.861047997512818 2.4384000301361084 -1.4212630519775922e-17
v 6.861047997512818 0 -1.4212630519775922e-17
v 6.7330320024871835 2.4384000301361084 1.4212630519775922e-17
v 6.861047997512818 0 -1.4212630519775922e-17
v 6.7330320024871835 0 1.4212630519775922e-17
v 6.7330320024871835 2.4384000301361084 1.4212630519775922e-17
vt 0 0
vt 0 2.4384000301361084
vt 7.01039981842041 2.4384000301361084
vt 7.01039981842041 2.4384000301361084
vt 7.01039981842041 0
vt 0 0
vt 7.01039981842041 2.4384000301361084
vt 0 2.4384000301361084
vt 0 0
vt 0 0
vt 7.01039981842041 0
vt 7.01039981842041 2.4384000301361084
vt 0 1
vt 7.01039981842041 1
vt 0 0.8719840049743652
vt 7.01039981842041 1
vt 7.01039981842041 0.8719840049743652
vt 0 0.8719840049743652
vt 0 1
vt 2.4384000301361084 1
vt 0 0.8719840049743652
vt 2.4384000301361084 1
vt 2.4384000301361084 0.8719840049743652
vt 0 0.8719840049743652
vt 7.01039981842041 1
vt 0 1
vt 7.01039981842041 0.8719840049743652
vt 0 1
vt 0 0.8719840049743652
vt 7.01039981842041 0.8719840049743652
vt 2.4384000301361084 1
vt 0 1
vt 2.4384000301361084 0.8719840049743652
vt 0 1
vt 0 0.8719840049743652
vt 2.4384000301361084 0.8719840049743652
vn 1 0 -2.220446049250313e-16
vn 1 0 -2.220446049250313e-16
vn 1 0 -2.220446049250313e-16
vn 1 0 -2.220446049250313e-16
vn 1 0 -2.220446049250313e-16
vn 1 0 -2.220446049250313e-16
vn -1 0 2.220446049250313e-16
vn -1 0 2.220446049250313e-16
vn -1 0 2.220446049250313e-16
vn -1 0 2.220446049250313e-16
vn -1 0 2.220446049250313e-16
vn -1 0 2.220446049250313e-16
vn 0 -1 0
vn 0 -1 0
vn 0 -1 0
vn 0 -1 0
vn 0 -1 0
vn 0 -1 0
vn 2.220446049250313e-16 0 1
vn 2.220446049250313e-16 0 1
vn 2.220446049250313e-16 0 1
vn 2.220446049250313e-16 0 1
vn 2.220446049250313e-16 0 1
vn 2.220446049250313e-16 0 1
vn 0 1 0
vn 0 1 0
vn 0 1 0
vn 0 1 0
vn 0 1 0
vn 0 1 0
vn -2.220446049250313e-16 0 -1
vn -2.220446049250313e-16 0 -1
vn -2.220446049250313e-16 0 -1
vn -2.220446049250313e-16 0 -1
vn -2.220446049250313e-16 0 -1
vn -2.220446049250313e-16 0 -1
f 1141/1141/1141 1142/1142/1142 1143/1143/1143
f 1144/1144/1144 1145/1145/1145 1146/1146/1146
f 1147/1147/1147 1148/1148/1148 1149/1149/1149
f 1150/1150/1150 1151/1151/1151 1152/1152/1152
f 1153/1153/1153 1154/1154/1154 1155/1155/1155
f 1156/1156/1156 1157/1157/1157 1158/1158/1158
f 1159/1159/1159 1160/1160/1160 1161/1161/1161
f 1162/1162/1162 1163/1163/1163 1164/1164/1164
f 1165/1165/1165 1166/1166/1166 1167/1167/1167
f 1168/1168/1168 1169/1169/1169 1170/1170/1170
f 1171/1171/1171 1172/1172/1172 1173/1173/1173
f 1174/1174/1174 1175/1175/1175 1176/1176/1176
o 
v 8.141207997512819 0 -1.4212630519775922e-17
v 8.141207997512819 2.4384000301361084 -1.4212630519775922e-17
v 8.14120799751282 2.4384000301361084 7.01039981842041
v 8.14120799751282 2.4384000301361084 7.01039981842041
v 8.14120799751282 0 7.01039981842041
v 8.141207997512819 0 -1.4212630519775922e-17
v 8.013192002487186 2.4384000301361084 7.01039981842041
v 8.013192002487184 2.4384000301361084 1.4212630519775922e-17
v 8.013192002487184 0 1.4212630519775922e-17
v 8.013192002487184 0 1.4212630519775922e-17
v 8.013192002487186 0 7.01039981842041
v 8.013192002487186 2.4384000301361084 7.01039981842041
v 8.141207997512819 0 -1.4212630519775922e-17
v 8.14120799751282 0 7.01039981842041
v 8.013192002487184 0 1.4212630519775922e-17
v 8.14120799751282 0 7.01039981842041
v 8.013192002487186 0 7.01039981842041
v 8.013192002487184 0 1.4212630519775922e-17
v 8.14120799751282 0 7.01039981842041
v 8.14120799751282 2.4384000301361084 7.01039981842041
v 8.013192002487186 0 7.01039981842041
v 8.14120799751282 2.4384000301361084 7.01039981842041
v 8.013192002487186 2.4384000301361084 7.01039981842041
v 8.013192002487186 0 7.01039981842041
v 8.14120799751282 2.4384000301361084 7.01039981842041
v 8.141207997512819 2.4384000301361084 -1.4212630519775922e-17
v 8.013192002487186 2.4384000301361084 7.01039981842041
v 8.141207997512819 2.4384000301361084 -1.4212630519775922e-17
v 8.013192002487184 2.4384000301361084 1.4212630519775922e-17
v 8.013192002487186 2.4384000301361084 7.01039981842041
v 8.141207997512819 2.4384000301361084 -1.4212630519775922e-17
v 8.141207997512819 0 -1.4212630519775922e-17
v 8.013192002487184 2.4384000301361084 1.4212630519775922e-17
v 8.141207997512819 0 -1.4212630519775922e-17
v 8.013192002487184 0 1.4212630519775922e-17
v 8.013192002487184 2.4384000301361084 1.4212630519775922e-17
vt 0 0
vt 0 2.4384000301361084
vt 7.01039981842041 2.4384000301361084
vt 7.01039981842041 2.4384000301361084
vt 7.01039981842041 0
vt 0 0
vt 7.01039981842041 2.4384000301361084
vt 0 2.4384000301361084
vt 0 0
vt 0 0
vt 7.01039981842041 0
vt 7.01039981842041 2.4384000301361084
vt 0 1
vt 7.01039981842041 1
vt 0 0.8719840049743652
vt 7.01039981842041 1
vt 7.01039981842041 0.8719840049743652
vt 0 0.8719840049743652
vt 0 1
vt 2.4384000301361084 1
vt 0 0.8719840049743652
vt 2.4384000301361084 1
vt 2.4384000301361084 0.8719840049743652
vt 0 0.8719840049743652
vt 7.01039981842041 1
vt 0 1
vt 7.01039981842041 0.8719840049743652
vt 0 1
vt 0 0.8719840049743652
vt 7.01039981842041 0.8719840049743652
vt 2.4384000301361084 1
vt 0 1
vt 2.4384000301361084 0.8719840049743652
vt 0 1
vt 0 0.8719840049743652
vt 2.4384000301361084 0.8719840049743652
vn 1 0 -2.220446049250313e-16
vn 1 0 -2.220446049250313e-16
vn 1 0 -2.220446049250313e-16
vn 1 0 -2.220446049250313e-16
vn 1 0 -2.220446049250313e-16
vn 1 0 -2.220446049250313e-16
vn -1 0 2.220446049250313e-16
vn -1 0 2.220446049250313e-16
vn -1 0 2.220446049250313e-16
vn -1 0 2.220446049250313e-16
vn -1 0 2.220446049250313e-16
vn -1 0 2.220446049250313e-16
vn 0 -1 0
vn 0 -1 0
vn 0 -1 0
vn 0 -1 0
vn 0 -1 0
vn 0 -1 0
vn 2.220446049250313e-16 0 1
vn 2.220446049250313e-16 0 1
vn 2.220446049250313e-16 0 1
vn 2.220446049250313e-16 0 1
vn 2.220446049250313e-16 0 1
vn 2.220446049250313e-16 0 1
vn 0 1 0
vn 0 1 0
vn 0 1 0
vn 0 1 0
vn 0 1 0
vn 0 1 0
vn -2.220446049250313e-16 0 -1
vn -2.220446049250313e-16 0 -1
vn -2.220446049250313e-16 0 -1
vn -2.220446049250313e-16 0 -1
vn -2.220446049250313e-16 0 -1
vn -2.220446049250313e-16 0 -1
f 1177/1177/1177 1178/1178/1178 1179/1179/1179
f 1180/1180/1180 1181/1181/1181 1182/1182/1182
f 1183/1183/1183 1184/1184/1184 1185/1185/1185
f 1186/1186/1186 1187/1187/1187 1188/1188/1188
f 1189/1189/1189 1190/1190/1190 1191/1191/1191
f 1192/1192/1192 1193/1193/1193 1194/1194/1194
f 1195/1195/1195 1196/1196/1196 1197/1197/1197
f 1198/1198/1198 1199/1199/1199 1200/1200/1200
f 1201/1201/1201 1202/1202/1202 1203/1203/1203
f 1204/1204/1204 1205/1205/1205 1206/1206/1206
f 1207/1207/1207 1208/1208/1208 1209/1209/1209
f 1210/1210/1210 1211/1211/1211 1212/1212/1212
o 
v 6.797040000000001 0 2.679192002487183
v 6.797040000000001 2.4384000301361084 2.679192002487183
v 8.077199950256349 2.4384000301361084 2.679192002487183
v 8.077199950256349 2.4384000301361084 2.679192002487183
v 8.077199950256349 0 2.679192002487183
v 6.797040000000001 0 2.679192002487183
v 8.077199950256349 2.4384000301361084 2.8072079975128177
v 6.797040000000001 2.4384000301361084 2.8072079975128177
v 6.797040000000001 0 2.8072079975128177
v 6.797040000000001 0 2.8072079975128177
v 8.077199950256349 0 2.8072079975128177
v 8.077199950256349 2.4384000301361084 2.8072079975128177
v 6.797040000000001 0 2.679192002487183
v 8.077199950256349 0 2.679192002487183
v 6.797040000000001 0 2.8072079975128177
v 8.077199950256349 0 2.679192002487183
v 8.077199950256349 0 2.8072079975128177
v 6.797040000000001 0 2.8072079975128177
v 8.077199950256349 0 2.679192002487183
v 8.077199950256349 2.4384000301361084 2.679192002487183
v 8.077199950256349 0 2.8072079975128177
v 8.077199950256349 2.4384000301361084 2.679192002487183
v 8.077199950256349 2.4384000301361084 2.8072079975128177
v 8.077199950256349 0 2.8072079975128177
v 8.077199950256349 2.4384000301361084 2.679192002487183
v 6.797040000000001 2.4384000301361084 2.679192002487183
v 8.077199950256349 2.4384000301361084 2.8072079975128177
v 6.797040000000001 2.4384000301361084 2.679192002487183
v 6.797040000000001 2.4384000301361084 2.8072079975128177
v 8.077199950256349 2.4384000301361084 2.8072079975128177
v 6.797040000000001 2.4384000301361084 2.679192002487183
v 6.797040000000001 0 2.679192002487183
v 6.797040000000001 2.4384000301361084 2.8072079975128177
v 6.797040000000001 0 2.679192002487183
v 6.797040000000001 0 2.8072079975128177
v 6.797040000000001 2.4384000301361084 2.8072079975128177
vt 0 0
vt 0 2.4384000301361084
vt 1.2801599502563477 2.4384000301361084
vt 1.2801599502563477 2.4384000301361084
vt 1.2801599502563477 0
vt 0 0
vt 1.2801599502563477 2.4384000301361084
vt 0 2.4384000301361084
vt 0 0
vt 0 0
vt 1.2801599502563477 0
vt 1.2801599502563477 2.4384000301361084
vt 0 1
vt 1.2801599502563477 1
vt 0 0.8719840049743652
vt 1.2801599502563477 1
vt 1.2801599502563477 0.8719840049743652
vt 0 0.8719840049743652
vt 0 1
vt 2.4384000301361084 1
vt 0 0.8719840049743652
vt 2.4384000301361084 1
vt 2.4384000301361084 0.8719840049743652
vt 0 0.8719840049743652
vt 1.2801599502563477 1
vt 0 1
vt 1.2801599502563477 0.8719840049743652
vt 0 1
vt 0 0.8719840049743652
vt 1.2801599502563477 0.8719840049743652
vt 2.4384000301361084 1
vt 0 1
vt 2.4384000301361084 0.8719840049743652
vt 0 1
vt 0 0.8719840049743652
vt 2.4384000301361084 0.8719840049743652
vn 0 0 -1
vn 0 0 -1
vn 0 0 -1
vn 0 0 -1
vn 0 0 -1
vn 0 0 -1
vn 0 0 1
vn 0 0 1
vn 0 0 1
vn 0 0 1
vn 0 0 1
vn 0 0 1
vn 0 -1 0
vn 0 -1 0
vn 0 -1 0
vn 0 -1 0
vn 0 -1 0
vn 0 -1 0
vn 1 0 0
vn 1 0 0
vn 1 0 0
vn 1 0 0
vn 1 0 0
vn 1 0 0
vn 0 1 0
vn 0 1 0
vn 0 1 0
vn 0 1 0
vn 0 1 0
vn 0 1 0
vn -1 0 0
vn -1 0 0
vn -1 0 0
vn -1 0 0
vn -1 0 0
vn -1 0 0
f 1213/1213/1213 1214/1214/1214 1215/1215/1215
f 1216/1216/1216 1217/1217/1217 1218/1218/1218
f 1219/1219/1219 1220/1220/1220 1221/1221/1221
f 1222/1222/1222 1223/1223/1223 1224/1224/1224
f 1225/1225/1225 1226/1226/1226 1227/1227/1227
f 1228/1228/1228 1229/1229/1229 1230/1230/1230
f 1231/1231/1231 1232/1232/1232 1233/1233/1233
f 1234/1234/1234 1235/1235/1235 1236/1236/1236
f 1237/1237/1237 1238/1238/1238 1239/1239/1239
f 1240/1240/1240 1241/1241/1241 1242/1242/1242
f 1243/1243/1243 1244/1244/1244 1245/1245/1245
f 1246/1246/1246 1247/1247/1247 1248/1248/1248
o 
v 13.47520799751282 2.032101631164551 5.791200160980225
v 13.47520799751282 0 5.791200160980225
v 13.475207997512818 0 -1.4212630519775922e-17
v 13.47520799751282 0 7.01039981842041
v 13.47520799751282 0 6.614160060882568
v 13.47520799751282 2.032101631164551 6.614160060882568
v 13.47520799751282 2.032101631164551 5.791200160980225
v 13.475207997512818 0 -1.4212630519775922e-17
v 13.475207997512818 2.4384000301361084 -1.4212630519775922e-17
v 13.47520799751282 2.4384000301361084 7.01039981842041
v 13.47520799751282 0 7.01039981842041
v 13.47520799751282 2.032101631164551 6.614160060882568
v 13.47520799751282 2.032101631164551 5.791200160980225
v 13.475207997512818 2.4384000301361084 -1.4212630519775922e-17
v 13.47520799751282 2.4384000301361084 7.01039981842041
v 13.47520799751282 2.4384000301361084 7.01039981842041
v 13.47520799751282 2.032101631164551 6.614160060882568
v 13.47520799751282 2.032101631164551 5.791200160980225
v 13.347192002487184 0 1.4212630519775922e-17
v 13.347192002487185 0 5.791200160980225
v 13.347192002487185 2.032101631164551 5.791200160980225
v 13.347192002487185 2.032101631164551 6.614160060882568
v 13.347192002487185 0 6.614160060882568
v 13.347192002487185 0 7.01039981842041
v 13.347192002487184 2.4384000301361084 1.4212630519775922e-17
v 13.347192002487184 0 1.4212630519775922e-17
v 13.347192002487185 2.032101631164551 5.791200160980225
v 13.347192002487185 2.032101631164551 6.614160060882568
v 13.347192002487185 0 7.01039981842041
v 13.347192002487185 2.4384000301361084 7.01039981842041
v 13.347192002487185 2.4384000301361084 7.01039981842041
v 13.347192002487184 2.4384000301361084 1.4212630519775922e-17
v 13.347192002487185 2.032101631164551 5.791200160980225
v 13.347192002487185 2.032101631164551 5.791200160980225
v 13.347192002487185 2.032101631164551 6.614160060882568
v 13.347192002487185 2.4384000301361084 7.01039981842041
v 13.475207997512818 0 -1.4212630519775922e-17
v 13.47520799751282 0 7.01039981842041
v 13.347192002487184 0 1.4212630519775922e-17
v 13.47520799751282 0 7.01039981842041
v 13.347192002487185 0 7.01039981842041
v 13.347192002487184 0 1.4212630519775922e-17
v 13.47520799751282 0 7.01039981842041
v 13.47520799751282 2.4384000301361084 7.01039981842041
v 13.347192002487185 0 7.01039981842041
v 13.47520799751282 2.4384000301361084 7.01039981842041
v 13.347192002487185 2.4384000301361084 7.01039981842041
v 13.347192002487185 0 7.01039981842041
v 13.47520799751282 2.4384000301361084 7.01039981842041
v 13.475207997512818 2.4384000301361084 -1.4212630519775922e-17
v 13.347192002487185 2.4384000301361084 7.01039981842041
v 13.475207997512818 2.4384000301361084 -1.4212630519775922e-17
v 13.347192002487184 2.4384000301361084 1.4212630519775922e-17
v 13.347192002487185 2.4384000301361084 7.01039981842041
v 13.475207997512818 2.4384000301361084 -1.4212630519775922e-17
v 13.475207997512818 0 -1.4212630519775922e-17
v 13.347192002487184 2.4384000301361084 1.4212630519775922e-17
v 13.475207997512818 0 -1.4212630519775922e-17
v 13.347192002487184 0 1.4212630519775922e-17
v 13.347192002487184 2.4384000301361084 1.4212630519775922e-17
v 13.47520799751282 0 5.791200160980225
v 13.47520799751282 2.032101631164551 5.791200160980225
v 13.347192002487185 0 5.791200160980225
v 13.47520799751282 2.032101631164551 5.791200160980225
v 13.347192002487185 2.032101631164551 5.791200160980225
v 13.347192002487185 0 5.791200160980225
v 13.47520799751282 2.032101631164551 5.791200160980225
v 13.47520799751282 2.032101631164551 6.614160060882568
v 13.347192002487185 2.032101631164551 5.791200160980225
v 13.47520799751282 2.032101631164551 6.614160060882568
v 13.347192002487185 2.032101631164551 6.614160060882568
v 13.347192002487185 2.032101631164551 5.791200160980225
v 13.47520799751282 2.032101631164551 6.614160060882568
v 13.47520799751282 0 6.614160060882568
v 13.347192002487185 2.032101631164551 6.614160060882568
v 13.47520799751282 0 6.614160060882568
v 13.347192002487185 0 6.614160060882568
v 13.347192002487185 2.032101631164551 6.614160060882568
v 13.47520799751282 0 6.614160060882568
v 13.47520799751282 0 5.791200160980225
v 13.347192002487185 0 6.614160060882568
v 13.47520799751282 0 5.791200160980225
v 13.347192002487185 0 5.791200160980225
v 13.347192002487185 0 6.614160060882568
vt 5.791200160980225 2.032101631164551
vt 5.791200160980225 0
vt 0 0
vt 7.01039981842041 0
vt 6.614160060882568 0
vt 6.614160060882568 2.032101631164551
vt 5.791200160980225 2.032101631164551
vt 0 0
vt 0 2.4384000301361084
vt 7.01039981842041 2.4384000301361084
vt 7.01039981842041 0
vt 6.614160060882568 2.032101631164551
vt 5.791200160980225 2.032101631164551
vt 0 2.4384000301361084
vt 7.01039981842041 2.4384000301361084
vt 7.01039981842041 2.4384000301361084
vt 6.614160060882568 2.032101631164551
vt 5.791200160980225 2.032101631164551
vt 0 0
vt 5.791200160980225 0
vt 5.791200160980225 2.032101631164551
vt 6.614160060882568 2.032101631164551
vt 6.614160060882568 0
vt 7.01039981842041 0
vt 0 2.4384000301361084
vt 0 0
vt 5.791200160980225 2.032101631164551
vt 6.614160060882568 2.032101631164551
vt 7.01039981842041 0
vt 7.01039981842041 2.4384000301361084
vt 7.01039981842041 2.4384000301361084
vt 0 2.4384000301361084
vt 5.791200160980225 2.032101631164551
vt 5.791200160980225 2.032101631164551
vt 6.614160060882568 2.032101631164551
vt 7.01039981842041 2.4384000301361084
vt 0 1
vt 7.01039981842041 1
vt 0 0.8719840049743652
vt 7.01039981842041 1
vt 7.01039981842041 0.8719840049743652
vt 0 0.8719840049743652
vt 0 1
vt 2.4384000301361084 1
vt 0 0.8719840049743652
vt 2.4384000301361084 1
vt 2.4384000301361084 0.8719840049743652
vt 0 0.8719840049743652
vt 7.01039981842041 1
vt 0 1
vt 7.01039981842041 0.8719840049743652
vt 0 1
vt 0 0.8719840049743652
vt 7.01039981842041 0.8719840049743652
vt 2.4384000301361084 1
vt 0 1
vt 2.4384000301361084 0.8719840049743652
vt 0 1
vt 0 0.8719840049743652
vt 2.4384000301361084 0.8719840049743652
vt 0 1
vt 2.032101631164551 1
vt 0 0.8719840049743652
vt 2.032101631164551 1
vt 2.032101631164551 0.8719840049743652
vt 0 0.8719840049743652
vt 5.791200160980225 1
vt 6.614160060882568 1
vt 5.791200160980225 0.8719840049743652
vt 6.614160060882568 1
vt 6.614160060882568 0.8719840049743652
vt 5.791200160980225 0.8719840049743652
vt 2.032101631164551 1
vt 0 1
vt 2.032101631164551 0.8719840049743652
vt 0 1
vt 0 0.8719840049743652
vt 2.032101631164551 0.8719840049743652
vt 6.614160060882568 1
vt 5.791200160980225 1
vt 6.614160060882568 0.8719840049743652
vt 5.791200160980225 1
vt 5.791200160980225 0.8719840049743652
vt 6.614160060882568 0.8719840049743652
vn 1 0 -2.220446049250313e-16
vn 1 0 -2.220446049250313e-16
vn 1 0 -2.220446049250313e-16
vn 1 0 -2.220446049250313e-16
vn 1 0 -2.220446049250313e-16
vn 1 0 -2.220446049250313e-16
vn 1 0 -2.220446049250313e-16
vn 1 0 -2.220446049250313e-16
vn 1 0 -2.220446049250313e-16
vn 1 0 -2.220446049250313e-16
vn 1 0 -2.220446049250313e-16
vn 1 0 -2.220446049250313e-16
vn 1 0 -2.220446049250313e-16
vn 1 0 -2.220446049250313e-16
vn 1 0 -2.220446049250313e-16
vn 1 0 -2.220446049250313e-16
vn 1 0 -2.220446049250313e-16
vn 1 0 -2.220446049250313e-16
vn -1 0 2.220446049250313e-16
vn -1 0 2.220446049250313e-16
vn -1 0 2.220446049250313e-16
vn -1 0 2.220446049250313e-16
vn -1 0 2.220446049250313e-16
vn -1 0 2.220446049250313e-16
vn -1 0 2.220446049250313e-16
vn -1 0 2.220446049250313e-16
vn -1 0 2.220446049250313e-16
vn -1 0 2.220446049250313e-16
vn -1 0 2.220446049250313e-16
vn -1 0 2.220446049250313e-16
vn -1 0 2.220446049250313e-16
vn -1 0 2.220446049250313e-16
vn -1 0 2.220446049250313e-16
vn -1 0 2.220446049250313e-16
vn -1 0 2.220446049250313e-16
vn -1 0 2.220446049250313e-16
vn 0 -1 0
vn 0 -1 0
vn 0 -1 0
vn 0 -1 0
vn 0 -1 0
vn 0 -1 0
vn 2.220446049250313e-16 0 1
vn 2.220446049250313e-16 0 1
vn 2.220446049250313e-16 0 1
vn 2.220446049250313e-16 0 1
vn 2.220446049250313e-16 0 1
vn 2.220446049250313e-16 0 1
vn 0 1 0
vn 0 1 0
vn 0 1 0
vn 0 1 0
vn 0 1 0
vn 0 1 0
vn -2.220446049250313e-16 0 -1
vn -2.220446049250313e-16 0 -1
vn -2.220446049250313e-16 0 -1
vn -2.220446049250313e-16 0 -1
vn -2.220446049250313e-16 0 -1
vn -2.220446049250313e-16 0 -1
vn 2.220446049250313e-16 0 1
vn 2.220446049250313e-16 0 1
vn 2.220446049250313e-16 0 1
vn 2.220446049250313e-16 0 1
vn 2.220446049250313e-16 0 1
vn 2.220446049250313e-16 0 1
vn 0 -1 0
vn 0 -1 0
vn 0 -1 0
vn 0 -1 0
vn 0 -1 0
vn 0 -1 0
vn -2.220446049250313e-16 0 -1
vn -2.220446049250313e-16 0 -1
vn -2.220446049250313e-16 0 -1
vn -2.220446049250313e-16 0 -1
vn -2.220446049250313e-16 0 -1
vn -2.220446049250313e-16 0 -1
vn 0 1 0
vn 0 1 0
vn 0 1 0
vn 0 1 0
vn 0 1 0
vn 0 1 0
f 1249/1249/1249 1250/1250/1250 1251/1251/1251
f 1252/1252/1252 1253/1253/1253 1254/1254/1254
f 1255/1255/1255 1256/1256/1256 1257/1257/1257
f 1258/1258/1258 1259/1259/1259 1260/1260/1260
f 1261/1261/1261 1262/1262/1262 1263/1263/1263
f 1264/1264/1264 1265/1265/1265 1266/1266/1266
f 1267/1267/1267 1268/1268/1268 1269/1269/1269
f 1270/1270/1270 1271/1271/1271 1272/1272/1272
f 1273/1273/1273 1274/1274/1274 1275/1275/1275
f 1276/1276/1276 1277/1277/1277 1278/1278/1278
f 1279/1279/1279 1280/1280/1280 1281/1281/1281
f 1282/1282/1282 1283/1283/1283 1284/1284/1284
f 1285/1285/1285 1286/1286/1286 1287/1287/1287
f 1288/1288/1288 1289/1289/1289 1290/1290/1290
f 1291/1291/1291 1292/1292/1292 1293/1293/1293
f 1294/1294/1294 1295/1295/1295 1296/1296/1296
f 1297/1297/1297 1298/1298/1298 1299/1299/1299
f 1300/1300/1300 1301/1301/1301 1302/1302/1302
f 1303/1303/1303 1304/1304/1304 1305/1305/1305
f 1306/1306/1306 1307/1307/1307 1308/1308/1308
f 1309/1309/1309 1310/1310/1310 1311/1311/1311
f 1312/1312/1312 1313/1313/1313 1314/1314/1314
f 1315/1315/1315 1316/1316/1316 1317/1317/1317
f 1318/1318/1318 1319/1319/1319 1320/1320/1320
f 1321/1321/1321 1322/1322/1322 1323/1323/1323
f 1324/1324/1324 1325/1325/1325 1326/1326/1326
f 1327/1327/1327 1328/1328/1328 1329/1329/1329
f 1330/1330/1330 1331/1331/1331 1332/1332/1332
o 
v 14.542007997512819 2.032101631164551 1.5240000486373901
v 14.542007997512819 0 1.5240000486373901
v 14.542007997512819 0 -1.4212630519775922e-17
v 14.54200799751282 0 4.632959842681885
v 14.542007997512819 0 2.3469600677490234
v 14.542007997512819 2.032101631164551 2.3469600677490234
v 14.542007997512819 2.032101631164551 1.5240000486373901
v 14.542007997512819 0 -1.4212630519775922e-17
v 14.542007997512819 2.4384000301361084 -1.4212630519775922e-17
v 14.54200799751282 2.4384000301361084 4.632959842681885
v 14.54200799751282 0 4.632959842681885
v 14.542007997512819 2.032101631164551 2.3469600677490234
v 14.542007997512819 2.032101631164551 1.5240000486373901
v 14.542007997512819 2.4384000301361084 -1.4212630519775922e-17
v 14.54200799751282 2.4384000301361084 4.632959842681885
v 14.54200799751282 2.4384000301361084 4.632959842681885
v 14.542007997512819 2.032101631164551 2.3469600677490234
v 14.542007997512819 2.032101631164551 1.5240000486373901
v 14.413992002487184 0 1.4212630519775922e-17
v 14.413992002487184 0 1.5240000486373901
v 14.413992002487184 2.032101631164551 1.5240000486373901
v 14.413992002487184 2.032101631164551 2.3469600677490234
v 14.413992002487184 0 2.3469600677490234
v 14.413992002487186 0 4.632959842681885
v 14.413992002487184 2.4384000301361084 1.4212630519775922e-17
v 14.413992002487184 0 1.4212630519775922e-17
v 14.413992002487184 2.032101631164551 1.5240000486373901
v 14.413992002487184 2.032101631164551 2.3469600677490234
v 14.413992002487186 0 4.632959842681885
v 14.413992002487186 2.4384000301361084 4.632959842681885
v 14.413992002487186 2.4384000301361084 4.632959842681885
v 14.413992002487184 2.4384000301361084 1.4212630519775922e-17
v 14.413992002487184 2.032101631164551 1.5240000486373901
v 14.413992002487184 2.032101631164551 1.5240000486373901
v 14.413992002487184 2.032101631164551 2.3469600677490234
v 14.413992002487186 2.4384000301361084 4.632959842681885
v 14.542007997512819 0 -1.4212630519775922e-17
v 14.54200799751282 0 4.632959842681885
v 14.413992002487184 0 1.4212630519775922e-17
v 14.54200799751282 0 4.632959842681885
v 14.413992002487186 0 4.632959842681885
v 14.413992002487184 0 1.4212630519775922e-17
v 14.54200799751282 0 4.632959842681885
v 14.54200799751282 2.4384000301361084 4.632959842681885
v 14.413992002487186 0 4.632959842681885
v 14.54200799751282 2.4384000301361084 4.632959842681885
v 14.413992002487186 2.4384000301361084 4.632959842681885
v 14.413992002487186 0 4.632959842681885
v 14.54200799751282 2.4384000301361084 4.632959842681885
v 14.542007997512819 2.4384000301361084 -1.4212630519775922e-17
v 14.413992002487186 2.4384000301361084 4.632959842681885
v 14.542007997512819 2.4384000301361084 -1.4212630519775922e-17
v 14.413992002487184 2.4384000301361084 1.4212630519775922e-17
v 14.413992002487186 2.4384000301361084 4.632959842681885
v 14.542007997512819 2.4384000301361084 -1.4212630519775922e-17
v 14.542007997512819 0 -1.4212630519775922e-17
v 14.413992002487184 2.4384000301361084 1.4212630519775922e-17
v 14.542007997512819 0 -1.4212630519775922e-17
v 14.413992002487184 0 1.4212630519775922e-17
v 14.413992002487184 2.4384000301361084 1.4212630519775922e-17
v 14.542007997512819 0 1.5240000486373901
v 14.542007997512819 2.032101631164551 1.5240000486373901
v 14.413992002487184 0 1.5240000486373901
v 14.542007997512819 2.032101631164551 1.5240000486373901
v 14.413992002487184 2.032101631164551 1.5240000486373901
v 14.413992002487184 0 1.5240000486373901
v 14.542007997512819 2.032101631164551 1.5240000486373901
v 14.542007997512819 2.032101631164551 2.3469600677490234
v 14.413992002487184 2.032101631164551 1.5240000486373901
v 14.542007997512819 2.032101631164551 2.3469600677490234
v 14.413992002487184 2.032101631164551 2.3469600677490234
v 14.413992002487184 2.032101631164551 1.5240000486373901
v 14.542007997512819 2.032101631164551 2.3469600677490234
v 14.542007997512819 0 2.3469600677490234
v 14.413992002487184 2.032101631164551 2.3469600677490234
v 14.542007997512819 0 2.3469600677490234
v 14.413992002487184 0 2.3469600677490234
v 14.413992002487184 2.032101631164551 2.3469600677490234
v 14.542007997512819 0 2.3469600677490234
v 14.542007997512819 0 1.5240000486373901
v 14.413992002487184 0 2.3469600677490234
v 14.542007997512819 0 1.5240000486373901
v 14.413992002487184 0 1.5240000486373901
v 14.413992002487184 0 2.3469600677490234
vt 1.5240000486373901 2.032101631164551
vt 1.5240000486373901 0
vt 0 0
vt 4.632959842681885 0
vt 2.3469600677490234 0
vt 2.3469600677490234 2.032101631164551
vt 1.5240000486373901 2.032101631164551
vt 0 0
vt 0 2.4384000301361084
vt 4.632959842681885 2.4384000301361084
vt 4.632959842681885 0
vt 2.3469600677490234 2.032101631164551
vt 1.5240000486373901 2.032101631164551
vt 0 2.4384000301361084
vt 4.632959842681885 2.4384000301361084
vt 4.632959842681885 2.4384000301361084
vt 2.3469600677490234 2.032101631164551
vt 1.5240000486373901 2.032101631164551
vt 0 0
vt 1.5240000486373901 0
vt 1.5240000486373901 2.032101631164551
vt 2.3469600677490234 2.032101631164551
vt 2.3469600677490234 0
vt 4.632959842681885 0
vt 0 2.4384000301361084
vt 0 0
vt 1.5240000486373901 2.032101631164551
vt 2.3469600677490234 2.032101631164551
vt 4.632959842681885 0
vt 4.632959842681885 2.4384000301361084
vt 4.632959842681885 2.4384000301361084
vt 0 2.4384000301361084
vt 1.5240000486373901 2.032101631164551
vt 1.5240000486373901 2.032101631164551
vt 2.3469600677490234 2.032101631164551
vt 4.632959842681885 2.4384000301361084
vt 0 1
vt 4.632959842681885 1
vt 0 0.8719840049743652
vt 4.632959842681885 1
vt 4.632959842681885 0.8719840049743652
vt 0 0.8719840049743652
vt 0 1
vt 2.4384000301361084 1
vt 0 0.8719840049743652
vt 2.4384000301361084 1
vt 2.4384000301361084 0.8719840049743652
vt 0 0.8719840049743652
vt 4.632959842681885 1
vt 0 1
vt 4.632959842681885 0.8719840049743652
vt 0 1
vt 0 0.8719840049743652
vt 4.632959842681885 0.8719840049743652
vt 2.4384000301361084 1
vt 0 1
vt 2.4384000301361084 0.8719840049743652
vt 0 1
vt 0 0.8719840049743652
vt 2.4384000301361084 0.8719840049743652
vt 0 1
vt 2.032101631164551 1
vt 0 0.8719840049743652
vt 2.032101631164551 1
vt 2.032101631164551 0.8719840049743652
vt 0 0.8719840049743652
vt 1.5240000486373901 1
vt 2.3469600677490234 1
vt 1.5240000486373901 0.8719840049743652
vt 2.3469600677490234 1
vt 2.3469600677490234 0.8719840049743652
vt 1.5240000486373901 0.8719840049743652
vt 2.032101631164551 1
vt 0 1
vt 2.032101631164551 0.8719840049743652
vt 0 1
vt 0 0.8719840049743652
vt 2.032101631164551 0.8719840049743652
vt 2.3469600677490234 1
vt 1.5240000486373901 1
vt 2.3469600677490234 0.8719840049743652
vt 1.5240000486373901 1
vt 1.5240000486373901 0.8719840049743652
vt 2.3469600677490234 0.8719840049743652
vn 1 0 -2.220446049250313e-16
vn 1 0 -2.220446049250313e-16
vn 1 0 -2.220446049250313e-16
vn 1 0 -2.220446049250313e-16
vn 1 0 -2.220446049250313e-16
vn 1 0 -2.220446049250313e-16
vn 1 0 -2.220446049250313e-16
vn 1 0 -2.220446049250313e-16
vn 1 0 -2.220446049250313e-16
vn 1 0 -2.220446049250313e-16
vn 1 0 -2.220446049250313e-16
vn 1 0 -2.220446049250313e-16
vn 1 0 -2.220446049250313e-16
vn 1 0 -2.220446049250313e-16
vn 1 0 -2.220446049250313e-16
vn 1 0 -2.220446049250313e-16
vn 1 0 -2.220446049250313e-16
vn 1 0 -2.220446049250313e-16
vn -1 0 2.220446049250313e-16
vn -1 0 2.220446049250313e-16
vn -1 0 2.220446049250313e-16
vn -1 0 2.220446049250313e-16
vn -1 0 2.220446049250313e-16
vn -1 0 2.220446049250313e-16
vn -1 0 2.220446049250313e-16
vn -1 0 2.220446049250313e-16
vn -1 0 2.220446049250313e-16
vn -1 0 2.220446049250313e-16
vn -1 0 2.220446049250313e-16
vn -1 0 2.220446049250313e-16
vn -1 0 2.220446049250313e-16
vn -1 0 2.220446049250313e-16
vn -1 0 2.220446049250313e-16
vn -1 0 2.220446049250313e-16
vn -1 0 2.220446049250313e-16
vn -1 0 2.220446049250313e-16
vn 0 -1 0
vn 0 -1 0
vn 0 -1 0
vn 0 -1 0
vn 0 -1 0
vn 0 -1 0
vn 2.220446049250313e-16 0 1
vn 2.220446049250313e-16 0 1
vn 2.220446049250313e-16 0 1
vn 2.220446049250313e-16 0 1
vn 2.220446049250313e-16 0 1
vn 2.220446049250313e-16 0 1
vn 0 1 0
vn 0 1 0
vn 0 1 0
vn 0 1 0
vn 0 1 0
vn 0 1 0
vn -2.220446049250313e-16 0 -1
vn -2.220446049250313e-16 0 -1
vn -2.220446049250313e-16 0 -1
vn -2.220446049250313e-16 0 -1
vn -2.220446049250313e-16 0 -1
vn -2.220446049250313e-16 0 -1
vn 2.220446049250313e-16 0 1
vn 2.220446049250313e-16 0 1
vn 2.220446049250313e-16 0 1
vn 2.220446049250313e-16 0 1
vn 2.220446049250313e-16 0 1
vn 2.220446049250313e-16 0 1
vn 0 -1 0
vn 0 -1 0
vn 0 -1 0
vn 0 -1 0
vn 0 -1 0
vn 0 -1 0
vn -2.220446049250313e-16 0 -1
vn -2.220446049250313e-16 0 -1
vn -2.220446049250313e-16 0 -1
vn -2.220446049250313e-16 0 -1
vn -2.220446049250313e-16 0 -1
vn -2.220446049250313e-16 0 -1
vn 0 1 0
vn 0 1 0
vn 0 1 0
vn 0 1 0
vn 0 1 0
vn 0 1 0
f 1333/1333/1333 1334/1334/1334 1335/1335/1335
f 1336/1336/1336 1337/1337/1337 1338/1338/1338
f 1339/1339/1339 1340/1340/1340 1341/1341/1341
f 1342/1342/1342 1343/1343/1343 1344/1344/1344
f 1345/1345/1345 1346/1346/1346 1347/1347/1347
f 1348/1348/1348 1349/1349/1349 1350/1350/1350
f 1351/1351/1351 1352/1352/1352 1353/1353/1353
f 1354/1354/1354 1355/1355/1355 1356/1356/1356
f 1357/1357/1357 1358/1358/1358 1359/1359/1359
f 1360/1360/1360 1361/1361/1361 1362/1362/1362
f 1363/1363/1363 1364/1364/1364 1365/1365/1365
f 1366/1366/1366 1367/1367/1367 1368/1368/1368
f 1369/1369/1369 1370/1370/1370 1371/1371/1371
f 1372/1372/1372 1373/1373/1373 1374/1374/1374
f 1375/1375/1375 1376/1376/1376 1377/1377/1377
f 1378/1378/1378 1379/1379/1379 1380/1380/1380
f 1381/1381/1381 1382/1382/1382 1383/1383/1383
f 1384/1384/1384 1385/1385/1385 1386/1386/1386
f 1387/1387/1387 1388/1388/1388 1389/1389/1389
f 1390/1390/1390 1391/1391/1391 1392/1392/1392
f 1393/1393/1393 1394/1394/1394 1395/1395/1395
f 1396/1396/1396 1397/1397/1397 1398/1398/1398
f 1399/1399/1399 1400/1400/1400 1401/1401/1401
f 1402/1402/1402 1403/1403/1403 1404/1404/1404
f 1405/1405/1405 1406/1406/1406 1407/1407/1407
f 1408/1408/1408 1409/1409/1409 1410/1410/1410
f 1411/1411/1411 1412/1412/1412 1413/1413/1413
f 1414/1414/1414 1415/1415/1415 1416/1416/1416
o 
v 15.121127997512819 0 -1.4212630519775922e-17
v 15.121127997512819 2.4384000301361084 -1.4212630519775922e-17
v 15.121127997512819 2.4384000301361084 1.0667999982833862
v 15.121127997512819 2.4384000301361084 1.0667999982833862
v 15.121127997512819 0 1.0667999982833862
v 15.121127997512819 0 -1.4212630519775922e-17
v 14.993112002487184 2.4384000301361084 1.0667999982833862
v 14.993112002487184 2.4384000301361084 1.4212630519775922e-17
v 14.993112002487184 0 1.4212630519775922e-17
v 14.993112002487184 0 1.4212630519775922e-17
v 14.993112002487184 0 1.0667999982833862
v 14.993112002487184 2.4384000301361084 1.0667999982833862
v 15.121127997512819 0 -1.4212630519775922e-17
v 15.121127997512819 0 1.0667999982833862
v 14.993112002487184 0 1.4212630519775922e-17
v 15.121127997512819 0 1.0667999982833862
v 14.993112002487184 0 1.0667999982833862
v 14.993112002487184 0 1.4212630519775922e-17
v 15.121127997512819 0 1.0667999982833862
v 15.121127997512819 2.4384000301361084 1.0667999982833862
v 14.993112002487184 0 1.0667999982833862
v 15.121127997512819 2.4384000301361084 1.0667999982833862
v 14.993112002487184 2.4384000301361084 1.0667999982833862
v 14.993112002487184 0 1.0667999982833862
v 15.121127997512819 2.4384000301361084 1.0667999982833862
v 15.121127997512819 2.4384000301361084 -1.4212630519775922e-17
v 14.993112002487184 2.4384000301361084 1.0667999982833862
v 15.121127997512819 2.4384000301361084 -1.4212630519775922e-17
v 14.993112002487184 2.4384000301361084 1.4212630519775922e-17
v 14.993112002487184 2.4384000301361084 1.0667999982833862
v 15.121127997512819 2.4384000301361084 -1.4212630519775922e-17
v 15.121127997512819 0 -1.4212630519775922e-17
v 14.993112002487184 2.4384000301361084 1.4212630519775922e-17
v 15.121127997512819 0 -1.4212630519775922e-17
v 14.993112002487184 0 1.4212630519775922e-17
v 14.993112002487184 2.4384000301361084 1.4212630519775922e-17
vt 0 0
vt 0 2.4384000301361084
vt 1.0667999982833862 2.4384000301361084
vt 1.0667999982833862 2.4384000301361084
vt 1.0667999982833862 0
vt 0 0
vt 1.0667999982833862 2.4384000301361084
vt 0 2.4384000301361084
vt 0 0
vt 0 0
vt 1.0667999982833862 0
vt 1.0667999982833862 2.4384000301361084
vt 0 1
vt 1.0667999982833862 1
vt 0 0.8719840049743652
vt 1.0667999982833862 1
vt 1.0667999982833862 0.8719840049743652
vt 0 0.8719840049743652
vt 0 1
vt 2.4384000301361084 1
vt 0 0.8719840049743652
vt 2.4384000301361084 1
vt 2.4384000301361084 0.8719840049743652
vt 0 0.8719840049743652
vt 1.0667999982833862 1
vt 0 1
vt 1.0667999982833862 0.8719840049743652
vt 0 1
vt 0 0.8719840049743652
vt 1.0667999982833862 0.8719840049743652
vt 2.4384000301361084 1
vt 0 1
vt 2.4384000301361084 0.8719840049743652
vt 0 1
vt 0 0.8719840049743652
vt 2.4384000301361084 0.8719840049743652
vn 1 0 -2.220446049250313e-16
vn 1 0 -2.220446049250313e-16
vn 1 0 -2.220446049250313e-16
vn 1 0 -2.220446049250313e-16
vn 1 0 -2.220446049250313e-16
vn 1 0 -2.220446049250313e-16
vn -1 0 2.220446049250313e-16
vn -1 0 2.220446049250313e-16
vn -1 0 2.220446049250313e-16
vn -1 0 2.220446049250313e-16
vn -1 0 2.220446049250313e-16
vn -1 0 2.220446049250313e-16
vn 0 -1 0
vn 0 -1 0
vn 0 -1 0
vn 0 -1 0
vn 0 -1 0
vn 0 -1 0
vn 2.220446049250313e-16 0 1
vn 2.220446049250313e-16 0 1
vn 2.220446049250313e-16 0 1
vn 2.220446049250313e-16 0 1
vn 2.220446049250313e-16 0 1
vn 2.220446049250313e-16 0 1
vn 0 1 0
vn 0 1 0
vn 0 1 0
vn 0 1 0
vn 0 1 0
vn 0 1 0
vn -2.220446049250313e-16 0 -1
vn -2.220446049250313e-16 0 -1
vn -2.220446049250313e-16 0 -1
vn -2.220446049250313e-16 0 -1
vn -2.220446049250313e-16 0 -1
vn -2.220446049250313e-16 0 -1
f 1417/1417/1417 1418/1418/1418 1419/1419/1419
f 1420/1420/1420 1421/1421/1421 1422/1422/1422
f 1423/1423/1423 1424/1424/1424 1425/1425/1425
f 1426/1426/1426 1427/1427/1427 1428/1428/1428
f 1429/1429/1429 1430/1430/1430 1431/1431/1431
f 1432/1432/1432 1433/1433/1433 1434/1434/1434
f 1435/1435/1435 1436/1436/1436 1437/1437/1437
f 1438/1438/1438 1439/1439/1439 1440/1440/1440
f 1441/1441/1441 1442/1442/1442 1443/1443/1443
f 1444/1444/1444 1445/1445/1445 1446/1446/1446
f 1447/1447/1447 1448/1448/1448 1449/1449/1449
f 1450/1450/1450 1451/1451/1451 1452/1452/1452
o 
v 14.478000000000002 0 1.0027920024871826
v 14.478000000000002 2.4384000301361084 1.0027920024871826
v 16.73352010536194 2.4384000301361084 1.0027920024871826
v 16.73352010536194 2.4384000301361084 1.0027920024871826
v 16.73352010536194 0 1.0027920024871826
v 14.478000000000002 0 1.0027920024871826
v 16.73352010536194 2.4384000301361084 1.1308079975128174
v 14.478000000000002 2.4384000301361084 1.1308079975128174
v 14.478000000000002 0 1.1308079975128174
v 14.478000000000002 0 1.1308079975128174
v 16.73352010536194 0 1.1308079975128174
v 16.73352010536194 2.4384000301361084 1.1308079975128174
v 14.478000000000002 0 1.0027920024871826
v 16.73352010536194 0 1.0027920024871826
v 14.478000000000002 0 1.1308079975128174
v 16.73352010536194 0 1.0027920024871826
v 16.73352010536194 0 1.1308079975128174
v 14.478000000000002 0 1.1308079975128174
v 16.73352010536194 0 1.0027920024871826
v 16.73352010536194 2.4384000301361084 1.0027920024871826
v 16.73352010536194 0 1.1308079975128174
v 16.73352010536194 2.4384000301361084 1.0027920024871826
v 16.73352010536194 2.4384000301361084 1.1308079975128174
v 16.73352010536194 0 1.1308079975128174
v 16.73352010536194 2.4384000301361084 1.0027920024871826
v 14.478000000000002 2.4384000301361084 1.0027920024871826
v 16.73352010536194 2.4384000301361084 1.1308079975128174
v 14.478000000000002 2.4384000301361084 1.0027920024871826
v 14.478000000000002 2.4384000301361084 1.1308079975128174
v 16.73352010536194 2.4384000301361084 1.1308079975128174
v 14.478000000000002 2.4384000301361084 1.0027920024871826
v 14.478000000000002 0 1.0027920024871826
v 14.478000000000002 2.4384000301361084 1.1308079975128174
v 14.478000000000002 0 1.0027920024871826
v 14.478000000000002 0 1.1308079975128174
v 14.478000000000002 2.4384000301361084 1.1308079975128174
vt 0 0
vt 0 2.4384000301361084
vt 2.2555201053619385 2.4384000301361084
vt 2.2555201053619385 2.4384000301361084
vt 2.2555201053619385 0
vt 0 0
vt 2.2555201053619385 2.4384000301361084
vt 0 2.4384000301361084
vt 0 0
vt 0 0
vt 2.2555201053619385 0
vt 2.2555201053619385 2.4384000301361084
vt 0 1
vt 2.2555201053619385 1
vt 0 0.8719840049743652
vt 2.2555201053619385 1
vt 2.2555201053619385 0.8719840049743652
vt 0 0.8719840049743652
vt 0 1
vt 2.4384000301361084 1
vt 0 0.8719840049743652
vt 2.4384000301361084 1
vt 2.4384000301361084 0.8719840049743652
vt 0 0.8719840049743652
vt 2.2555201053619385 1
vt 0 1
vt 2.2555201053619385 0.8719840049743652
vt 0 1
vt 0 0.8719840049743652
vt 2.2555201053619385 0.8719840049743652
vt 2.4384000301361084 1
vt 0 1
vt 2.4384000301361084 0.8719840049743652
vt 0 1
vt 0 0.8719840049743652
vt 2.4384000301361084 0.8719840049743652
vn 0 0 -1
vn 0 0 -1
vn 0 0 -1
vn 0 0 -1
vn 0 0 -1
vn 0 0 -1
vn 0 0 1
vn 0 0 1
vn 0 0 1
vn 0 0 1
vn 0 0 1
vn 0 0 1
vn 0 -1 0
vn 0 -1 0
vn 0 -1 0
vn 0 -1 0
vn 0 -1 0
vn 0 -1 0
vn 1 0 0
vn 1 0 0
vn 1 0 0
vn 1 0 0
vn 1 0 0
vn 1 0 0
vn 0 1 0
vn 0 1 0
vn 0 1 0
vn 0 1 0
vn 0 1 0
vn 0 1 0
vn -1 0 0
vn -1 0 0
vn -1 0 0
vn -1 0 0
vn -1 0 0
vn -1 0 0
f 1453/1453/1453 1454/1454/1454 1455/1455/1455
f 1456/1456/1456 1457/1457/1457 1458/1458/1458
f 1459/1459/1459 1460/1460/1460 1461/1461/1461
f 1462/1462/1462 1463/1463/1463 1464/1464/1464
f 1465/1465/1465 1466/1466/1466 1467/1467/1467
f 1468/1468/1468 1469/1469/1469 1470/1470/1470
f 1471/1471/1471 1472/1472/1472 1473/1473/1473
f 1474/1474/1474 1475/1475/1475 1476/1476/1476
f 1477/1477/1477 1478/1478/1478 1479/1479/1479
f 1480/1480/1480 1481/1481/1481 1482/1482/1482
f 1483/1483/1483 1484/1484/1484 1485/1485/1485
f 1486/1486/1486 1487/1487/1487 1488/1488/1488
o 
v 14.478000000000002 0 2.0391120024871827
v 14.478000000000002 2.4384000301361084 2.0391120024871827
v 16.73352010536194 2.4384000301361084 2.0391120024871827
v 16.73352010536194 2.4384000301361084 2.0391120024871827
v 16.73352010536194 0 2.0391120024871827
v 14.478000000000002 0 2.0391120024871827
v 16.73352010536194 2.4384000301361084 2.1671279975128175
v 14.478000000000002 2.4384000301361084 2.1671279975128175
v 14.478000000000002 0 2.1671279975128175
v 14.478000000000002 0 2.1671279975128175
v 16.73352010536194 0 2.1671279975128175
v 16.73352010536194 2.4384000301361084 2.1671279975128175
v 14.478000000000002 0 2.0391120024871827
v 16.73352010536194 0 2.0391120024871827
v 14.478000000000002 0 2.1671279975128175
v 16.73352010536194 0 2.0391120024871827
v 16.73352010536194 0 2.1671279975128175
v 14.478000000000002 0 2.1671279975128175
v 16.73352010536194 0 2.0391120024871827
v 16.73352010536194 2.4384000301361084 2.0391120024871827
v 16.73352010536194 0 2.1671279975128175
v 16.73352010536194 2.4384000301361084 2.0391120024871827
v 16.73352010536194 2.4384000301361084 2.1671279975128175
v 16.73352010536194 0 2.1671279975128175
v 16.73352010536194 2.4384000301361084 2.0391120024871827
v 14.478000000000002 2.4384000301361084 2.0391120024871827
v 16.73352010536194 2.4384000301361084 2.1671279975128175
v 14.478000000000002 2.4384000301361084 2.0391120024871827
v 14.478000000000002 2.4384000301361084 2.1671279975128175
v 16.73352010536194 2.4384000301361084 2.1671279975128175
v 14.478000000000002 2.4384000301361084 2.0391120024871827
v 14.478000000000002 0 2.0391120024871827
v 14.478000000000002 2.4384000301361084 2.1671279975128175
v 14.478000000000002 0 2.0391120024871827
v 14.478000000000002 0 2.1671279975128175
v 14.478000000000002 2.4384000301361084 2.1671279975128175
vt 0 0
vt 0 2.4384000301361084
vt 2.2555201053619385 2.4384000301361084
vt 2.2555201053619385 2.4384000301361084
vt 2.2555201053619385 0
vt 0 0
vt 2.2555201053619385 2.4384000301361084
vt 0 2.4384000301361084
vt 0 0
vt 0 0
vt 2.2555201053619385 0
vt 2.2555201053619385 2.4384000301361084
vt 0 1
vt 2.2555201053619385 1
vt 0 0.8719840049743652
vt 2.2555201053619385 1
vt 2.2555201053619385 0.8719840049743652
vt 0 0.8719840049743652
vt 0 1
vt 2.4384000301361084 1
vt 0 0.8719840049743652
vt 2.4384000301361084 1
vt 2.4384000301361084 0.8719840049743652
vt 0 0.8719840049743652
vt 2.2555201053619385 1
vt 0 1
vt 2.2555201053619385 0.8719840049743652
vt 0 1
vt 0 0.8719840049743652
vt 2.2555201053619385 0.8719840049743652
vt 2.4384000301361084 1
vt 0 1
vt 2.4384000301361084 0.8719840049743652
vt 0 1
vt 0 0.8719840049743652
vt 2.4384000301361084 0.8719840049743652
vn 0 0 -1
vn 0 0 -1
vn 0 0 -1
vn 0 0 -1
vn 0 0 -1
vn 0 0 -1
vn 0 0 1
vn 0 0 1
vn 0 0 1
vn 0 0 1
vn 0 0 1
vn 0 0 1
vn 0 -1 0
vn 0 -1 0
vn 0 -1 0
vn 0 -1 0
vn 0 -1 0
vn 0 -1 0
vn 1 0 0
vn 1 0 0
vn 1 0 0
vn 1 0 0
vn 1 0 0
vn 1 0 0
vn 0 1 0
vn 0 1 0
vn 0 1 0
vn 0 1 0
vn 0 1 0
vn 0 1 0
vn -1 0 0
vn -1 0 0
vn -1 0 0
vn -1 0 0
vn -1 0 0
vn -1 0 0
f 1489/1489/1489 1490/1490/1490 1491/1491/1491
f 1492/1492/1492 1493/1493/1493 1494/1494/1494
f 1495/1495/1495 1496/1496/1496 1497/1497/1497
f 1498/1498/1498 1499/1499/1499 1500/1500/1500
f 1501/1501/1501 1502/1502/1502 1503/1503/1503
f 1504/1504/1504 1505/1505/1505 1506/1506/1506
f 1507/1507/1507 1508/1508/1508 1509/1509/1509
f 1510/1510/1510 1511/1511/1511 1512/1512/1512
f 1513/1513/1513 1514/1514/1514 1515/1515/1515
f 1516/1516/1516 1517/1517/1517 1518/1518/1518
f 1519/1519/1519 1520/1520/1520 1521/1521/1521
f 1522/1522/1522 1523/1523/1523 1524/1524/1524
o 
v 15.486887997512818 0 2.10312
v 15.486887997512818 2.4384000301361084 2.10312
v 15.486887997512818 2.4384000301361084 3.4747200318527223
v 15.486887997512818 2.4384000301361084 3.4747200318527223
v 15.486887997512818 0 3.4747200318527223
v 15.486887997512818 0 2.10312
v 15.358872002487184 2.4384000301361084 3.4747200318527223
v 15.358872002487184 2.4384000301361084 2.10312
v 15.358872002487184 0 2.10312
v 15.358872002487184 0 2.10312
v 15.358872002487184 0 3.4747200318527223
v 15.358872002487184 2.4384000301361084 3.4747200318527223
v 15.486887997512818 0 2.10312
v 15.486887997512818 0 3.4747200318527223
v 15.358872002487184 0 2.10312
v 15.486887997512818 0 3.4747200318527223
v 15.358872002487184 0 3.4747200318527223
v 15.358872002487184 0 2.10312
v 15.486887997512818 0 3.4747200318527223
v 15.486887997512818 2.4384000301361084 3.4747200318527223
v 15.358872002487184 0 3.4747200318527223
v 15.486887997512818 2.4384000301361084 3.4747200318527223
v 15.358872002487184 2.4384000301361084 3.4747200318527223
v 15.358872002487184 0 3.4747200318527223
v 15.486887997512818 2.4384000301361084 3.4747200318527223
v 15.486887997512818 2.4384000301361084 2.10312
v 15.358872002487184 2.4384000301361084 3.4747200318527223
v 15.486887997512818 2.4384000301361084 2.10312
v 15.358872002487184 2.4384000301361084 2.10312
v 15.358872002487184 2.4384000301361084 3.4747200318527223
v 15.486887997512818 2.4384000301361084 2.10312
v 15.486887997512818 0 2.10312
v 15.358872002487184 2.4384000301361084 2.10312
v 15.486887997512818 0 2.10312
v 15.358872002487184 0 2.10312
v 15.358872002487184 2.4384000301361084 2.10312
vt 0 0
vt 0 2.4384000301361084
vt 1.3716000318527222 2.4384000301361084
vt 1.3716000318527222 2.4384000301361084
vt 1.3716000318527222 0
vt 0 0
vt 1.3716000318527222 2.4384000301361084
vt 0 2.4384000301361084
vt 0 0
vt 0 0
vt 1.3716000318527222 0
vt 1.3716000318527222 2.4384000301361084
vt 0 1
vt 1.3716000318527222 1
vt 0 0.8719840049743652
vt 1.3716000318527222 1
vt 1.3716000318527222 0.8719840049743652
vt 0 0.8719840049743652
vt 0 1
vt 2.4384000301361084 1
vt 0 0.8719840049743652
vt 2.4384000301361084 1
vt 2.4384000301361084 0.8719840049743652
vt 0 0.8719840049743652
vt 1.3716000318527222 1
vt 0 1
vt 1.3716000318527222 0.8719840049743652
vt 0 1
vt 0 0.8719840049743652
vt 1.3716000318527222 0.8719840049743652
vt 2.4384000301361084 1
vt 0 1
vt 2.4384000301361084 0.8719840049743652
vt 0 1
vt 0 0.8719840049743652
vt 2.4384000301361084 0.8719840049743652
vn 1 0 -2.220446049250313e-16
vn 1 0 -2.220446049250313e-16
vn 1 0 -2.220446049250313e-16
vn 1 0 -2.220446049250313e-16
vn 1 0 -2.220446049250313e-16
vn 1 0 -2.220446049250313e-16
vn -1 0 2.220446049250313e-16
vn -1 0 2.220446049250313e-16
vn -1 0 2.220446049250313e-16
vn -1 0 2.220446049250313e-16
vn -1 0 2.220446049250313e-16
vn -1 0 2.220446049250313e-16
vn 0 -1 0
vn 0 -1 0
vn 0 -1 0
vn 0 -1 0
vn 0 -1 0
vn 0 -1 0
vn 2.220446049250313e-16 0 1
vn 2.220446049250313e-16 0 1
vn 2.220446049250313e-16 0 1
vn 2.220446049250313e-16 0 1
vn 2.220446049250313e-16 0 1
vn 2.220446049250313e-16 0 1
vn 0 1 0
vn 0 1 0
vn 0 1 0
vn 0 1 0
vn 0 1 0
vn 0 1 0
vn -2.220446049250313e-16 0 -1
vn -2.220446049250313e-16 0 -1
vn -2.220446049250313e-16 0 -1
vn -2.220446049250313e-16 0 -1
vn -2.220446049250313e-16 0 -1
vn -2.220446049250313e-16 0 -1
f 1525/1525/1525 1526/1526/1526 1527/1527/1527
f 1528/1528/1528 1529/1529/1529 1530/1530/1530
f 1531/1531/1531 1532/1532/1532 1533/1533/1533
f 1534/1534/1534 1535/1535/1535 1536/1536/1536
f 1537/1537/1537 1538/1538/1538 1539/1539/1539
f 1540/1540/1540 1541/1541/1541 1542/1542/1542
f 1543/1543/1543 1544/1544/1544 1545/1545/1545
f 1546/1546/1546 1547/1547/1547 1548/1548/1548
f 1549/1549/1549 1550/1550/1550 1551/1551/1551
f 1552/1552/1552 1553/1553/1553 1554/1554/1554
f 1555/1555/1555 1556/1556/1556 1557/1557/1557
f 1558/1558/1558 1559/1559/1559 1560/1560/1560
o 
v 14.478000000000002 0 3.410712002487183
v 14.478000000000002 2.4384000301361084 3.410712002487183
v 16.73352010536194 2.4384000301361084 3.410712002487183
v 16.73352010536194 2.4384000301361084 3.410712002487183
v 16.73352010536194 0 3.410712002487183
v 14.478000000000002 0 3.410712002487183
v 16.73352010536194 2.4384000301361084 3.538727997512818
v 14.478000000000002 2.4384000301361084 3.538727997512818
v 14.478000000000002 0 3.538727997512818
v 14.478000000000002 0 3.538727997512818
v 16.73352010536194 0 3.538727997512818
v 16.73352010536194 2.4384000301361084 3.538727997512818
v 14.478000000000002 0 3.410712002487183
v 16.73352010536194 0 3.410712002487183
v 14.478000000000002 0 3.538727997512818
v 16.73352010536194 0 3.410712002487183
v 16.73352010536194 0 3.538727997512818
v 14.478000000000002 0 3.538727997512818
v 16.73352010536194 0 3.410712002487183
v 16.73352010536194 2.4384000301361084 3.410712002487183
v 16.73352010536194 0 3.538727997512818
v 16.73352010536194 2.4384000301361084 3.410712002487183
v 16.73352010536194 2.4384000301361084 3.538727997512818
v 16.73352010536194 0 3.538727997512818
v 16.73352010536194 2.4384000301361084 3.410712002487183
v 14.478000000000002 2.4384000301361084 3.410712002487183
v 16.73352010536194 2.4384000301361084 3.538727997512818
v 14.478000000000002 2.4384000301361084 3.410712002487183
v 14.478000000000002 2.4384000301361084 3.538727997512818
v 16.73352010536194 2.4384000301361084 3.538727997512818
v 14.478000000000002 2.4384000301361084 3.410712002487183
v 14.478000000000002 0 3.410712002487183
v 14.478000000000002 2.4384000301361084 3.538727997512818
v 14.478000000000002 0 3.410712002487183
v 14.478000000000002 0 3.538727997512818
v 14.478000000000002 2.4384000301361084 3.538727997512818
vt 0 0
vt 0 2.4384000301361084
vt 2.2555201053619385 2.4384000301361084
vt 2.2555201053619385 2.4384000301361084
vt 2.2555201053619385 0
vt 0 0
vt 2.2555201053619385 2.4384000301361084
vt 0 2.4384000301361084
vt 0 0
vt 0 0
vt 2.2555201053619385 0
vt 2.2555201053619385 2.4384000301361084
vt 0 1
vt 2.2555201053619385 1
vt 0 0.8719840049743652
vt 2.2555201053619385 1
vt 2.2555201053619385 0.8719840049743652
vt 0 0.8719840049743652
vt 0 1
vt 2.4384000301361084 1
vt 0 0.8719840049743652
vt 2.4384000301361084 1
vt 2.4384000301361084 0.8719840049743652
vt 0 0.8719840049743652
vt 2.2555201053619385 1
vt 0 1
vt 2.2555201053619385 0.8719840049743652
vt 0 1
vt 0 0.8719840049743652
vt 2.2555201053619385 0.8719840049743652
vt 2.4384000301361084 1
vt 0 1
vt 2.4384000301361084 0.8719840049743652
vt 0 1
vt 0 0.8719840049743652
vt 2.4384000301361084 0.8719840049743652
vn 0 0 -1
vn 0 0 -1
vn 0 0 -1
vn 0 0 -1
vn 0 0 -1
vn 0 0 -1
vn 0 0 1
vn 0 0 1
vn 0 0 1
vn 0 0 1
vn 0 0 1
vn 0 0 1
vn 0 -1 0
vn 0 -1 0
vn 0 -1 0
vn 0 -1 0
vn 0 -1 0
vn 0 -1 0
vn 1 0 0
vn 1 0 0
vn 1 0 0
vn 1 0 0
vn 1 0 0
vn 1 0 0
vn 0 1 0
vn 0 1 0
vn 0 1 0
vn 0 1 0
vn 0 1 0
vn 0 1 0
vn -1 0 0
vn -1 0 0
vn -1 0 0
vn -1 0 0
vn -1 0 0
vn -1 0 0
f 1561/1561/1561 1562/1562/1562 1563/1563/1563
f 1564/1564/1564 1565/1565/1565 1566/1566/1566
f 1567/1567/1567 1568/1568/1568 1569/1569/1569
f 1570/1570/1570 1571/1571/1571 1572/1572/1572
f 1573/1573/1573 1574/1574/1574 1575/1575/1575
f 1576/1576/1576 1577/1577/1577 1578/1578/1578
f 1579/1579/1579 1580/1580/1580 1581/1581/1581
f 1582/1582/1582 1583/1583/1583 1584/1584/1584
f 1585/1585/1585 1586/1586/1586 1587/1587/1587
f 1588/1588/1588 1589/1589/1589 1590/1590/1590
f 1591/1591/1591 1592/1592/1592 1593/1593/1593
f 1594/1594/1594 1595/1595/1595 1596/1596/1596
o 
v 14.478000000000002 2.4384000301361084 4.568952002487182
v 16.73352010536194 2.4384000301361084 4.568952002487182
v 16.73352010536194 0 4.568952002487182
v 14.478000000000002 0 4.568952002487182
v 14.478000000000002 2.4384000301361084 4.568952002487182
v 16.73352010536194 0 4.568952002487182
v 16.73352010536194 0 4.696967997512817
v 16.73352010536194 2.4384000301361084 4.696967997512817
v 14.478000000000002 2.4384000301361084 4.696967997512817
v 16.73352010536194 0 4.696967997512817
v 14.478000000000002 2.4384000301361084 4.696967997512817
v 14.478000000000002 0 4.696967997512817
v 14.478000000000002 0 4.568952002487182
v 16.73352010536194 0 4.568952002487182
v 14.478000000000002 0 4.696967997512817
v 16.73352010536194 0 4.568952002487182
v 16.73352010536194 0 4.696967997512817
v 14.478000000000002 0 4.696967997512817
v 16.73352010536194 0 4.568952002487182
v 16.73352010536194 2.4384000301361084 4.568952002487182
v 16.73352010536194 0 4.696967997512817
v 16.73352010536194 2.4384000301361084 4.568952002487182
v 16.73352010536194 2.4384000301361084 4.696967997512817
v 16.73352010536194 0 4.696967997512817
v 16.73352010536194 2.4384000301361084 4.568952002487182
v 14.478000000000002 2.4384000301361084 4.568952002487182
v 16.73352010536194 2.4384000301361084 4.696967997512817
v 14.478000000000002 2.4384000301361084 4.568952002487182
v 14.478000000000002 2.4384000301361084 4.696967997512817
v 16.73352010536194 2.4384000301361084 4.696967997512817
v 14.478000000000002 2.4384000301361084 4.568952002487182
v 14.478000000000002 0 4.568952002487182
v 14.478000000000002 2.4384000301361084 4.696967997512817
v 14.478000000000002 0 4.568952002487182
v 14.478000000000002 0 4.696967997512817
v 14.478000000000002 2.4384000301361084 4.696967997512817
v 17.221200063705446 0 4.568952002487182
v 17.221200063705446 2.032101631164551 4.568952002487182
v 17.221200063705446 0 4.696967997512817
v 17.221200063705446 2.032101631164551 4.568952002487182
v 17.221200063705446 2.032101631164551 4.696967997512817
v 17.221200063705446 0 4.696967997512817
v 17.221200063705446 2.032101631164551 4.568952002487182
v 18.04415996360779 2.032101631164551 4.568952002487182
v 17.221200063705446 2.032101631164551 4.696967997512817
v 18.04415996360779 2.032101631164551 4.568952002487182
v 18.04415996360779 2.032101631164551 4.696967997512817
v 17.221200063705446 2.032101631164551 4.696967997512817
v 18.04415996360779 2.032101631164551 4.568952002487182
v 18.04415996360779 0 4.568952002487182
v 18.04415996360779 2.032101631164551 4.696967997512817
v 18.04415996360779 0 4.568952002487182
v 18.04415996360779 0 4.696967997512817
v 18.04415996360779 2.032101631164551 4.696967997512817
v 18.04415996360779 0 4.568952002487182
v 17.221200063705446 0 4.568952002487182
v 18.04415996360779 0 4.696967997512817
v 17.221200063705446 0 4.568952002487182
v 17.221200063705446 0 4.696967997512817
v 18.04415996360779 0 4.696967997512817
vt 0 2.4384000301361084
vt 2.2555201053619385 2.4384000301361084
vt 2.2555201053619385 0
vt 0 0
vt 0 2.4384000301361084
vt 2.2555201053619385 0
vt 2.2555201053619385 0
vt 2.2555201053619385 2.4384000301361084
vt 0 2.4384000301361084
vt 2.2555201053619385 0
vt 0 2.4384000301361084
vt 0 0
vt 0 1
vt 2.2555201053619385 1
vt 0 0.8719840049743652
vt 2.2555201053619385 1
vt 2.2555201053619385 0.8719840049743652
vt 0 0.8719840049743652
vt 0 1
vt 2.4384000301361084 1
vt 0 0.8719840049743652
vt 2.4384000301361084 1
vt 2.4384000301361084 0.8719840049743652
vt 0 0.8719840049743652
vt 2.2555201053619385 1
vt 0 1
vt 2.2555201053619385 0.8719840049743652
vt 0 1
vt 0 0.8719840049743652
vt 2.2555201053619385 0.8719840049743652
vt 2.4384000301361084 1
vt 0 1
vt 2.4384000301361084 0.8719840049743652
vt 0 1
vt 0 0.8719840049743652
vt 2.4384000301361084 0.8719840049743652
vt 0 1
vt 2.032101631164551 1
vt 0 0.8719840049743652
vt 2.032101631164551 1
vt 2.032101631164551 0.8719840049743652
vt 0 0.8719840049743652
vt 2.7432000637054443 1
vt 3.566159963607788 1
vt 2.7432000637054443 0.8719840049743652
vt 3.566159963607788 1
vt 3.566159963607788 0.8719840049743652
vt 2.7432000637054443 0.8719840049743652
vt 2.032101631164551 1
vt 0 1
vt 2.032101631164551 0.8719840049743652
vt 0 1
vt 0 0.8719840049743652
vt 2.032101631164551 0.8719840049743652
vt 3.566159963607788 1
vt 2.7432000637054443 1
vt 3.566159963607788 0.8719840049743652
vt 2.7432000637054443 1
vt 2.7432000637054443 0.8719840049743652
vt 3.566159963607788 0.8719840049743652
vn 0 0 -1
vn 0 0 -1
vn 0 0 -1
vn 0 0 -1
vn 0 0 -1
vn 0 0 -1
vn 0 0 1
vn 0 0 1
vn 0 0 1
vn 0 0 1
vn 0 0 1
vn 0 0 1
vn 0 -1 0
vn 0 -1 0
vn 0 -1 0
vn 0 -1 0
vn 0 -1 0
vn 0 -1 0
vn 1 0 0
vn 1 0 0
vn 1 0 0
vn 1 0 0
vn 1 0 0
vn 1 0 0
vn 0 1 0
vn 0 1 0
vn 0 1 0
vn 0 1 0
vn 0 1 0
vn 0 1 0
vn -1 0 0
vn -1 0 0
vn -1 0 0
vn -1 0 0
vn -1 0 0
vn -1 0 0
vn 1 0 0
vn 1 0 0
vn 1 0 0
vn 1 0 0
vn 1 0 0
vn 1 0 0
vn 0 -1 0
vn 0 -1 0
vn 0 -1 0
vn 0 -1 0
vn 0 -1 0
vn 0 -1 0
vn -1 0 0
vn -1 0 0
vn -1 0 0
vn -1 0 0
vn -1 0 0
vn -1 0 0
vn 0 1 0
vn 0 1 0
vn 0 1 0
vn 0 1 0
vn 0 1 0
vn 0 1 0
f 1597/1597/1597 1598/1598/1598 1599/1599/1599
f 1600/1600/1600 1601/1601/1601 1602/1602/1602
f 1603/1603/1603 1604/1604/1604 1605/1605/1605
f 1606/1606/1606 1607/1607/1607 1608/1608/1608
f 1609/1609/1609 1610/1610/1610 1611/1611/1611
f 1612/1612/1612 1613/1613/1613 1614/1614/1614
f 1615/1615/1615 1616/1616/1616 1617/1617/1617
f 1618/1618/1618 1619/1619/1619 1620/1620/1620
f 1621/1621/1621 1622/1622/1622 1623/1623/1623
f 1624/1624/1624 1625/1625/1625 1626/1626/1626
f 1627/1627/1627 1628/1628/1628 1629/1629/1629
f 1630/1630/1630 1631/1631/1631 1632/1632/1632
f 1633/1633/1633 1634/1634/1634 1635/1635/1635
f 1636/1636/1636 1637/1637/1637 1638/1638/1638
f 1639/1639/1639 1640/1640/1640 1641/1641/1641
f 1642/1642/1642 1643/1643/1643 1644/1644/1644
f 1645/1645/1645 1646/1646/1646 1647/1647/1647
f 1648/1648/1648 1649/1649/1649 1650/1650/1650
f 1651/1651/1651 1652/1652/1652 1653/1653/1653
f 1654/1654/1654 1655/1655/1655 1656/1656/1656
o 
v 13.411200000000001 0 5.2090320024871835
v 13.411200000000001 2.4384000301361084 5.2090320024871835
v 16.733519984436036 2.4384000301361084 5.2090320024871835
v 16.733519984436036 2.4384000301361084 5.2090320024871835
v 16.733519984436036 0 5.2090320024871835
v 13.411200000000001 0 5.2090320024871835
v 16.733519984436036 2.4384000301361084 5.337047997512818
v 13.411200000000001 2.4384000301361084 5.337047997512818
v 13.411200000000001 0 5.337047997512818
v 13.411200000000001 0 5.337047997512818
v 16.733519984436036 0 5.337047997512818
v 16.733519984436036 2.4384000301361084 5.337047997512818
v 13.411200000000001 0 5.2090320024871835
v 16.733519984436036 0 5.2090320024871835
v 13.411200000000001 0 5.337047997512818
v 16.733519984436036 0 5.2090320024871835
v 16.733519984436036 0 5.337047997512818
v 13.411200000000001 0 5.337047997512818
v 16.733519984436036 0 5.2090320024871835
v 16.733519984436036 2.4384000301361084 5.2090320024871835
v 16.733519984436036 0 5.337047997512818
v 16.733519984436036 2.4384000301361084 5.2090320024871835
v 16.733519984436036 2.4384000301361084 5.337047997512818
v 16.733519984436036 0 5.337047997512818
v 16.733519984436036 2.4384000301361084 5.2090320024871835
v 13.411200000000001 2.4384000301361084 5.2090320024871835
v 16.733519984436036 2.4384000301361084 5.337047997512818
v 13.411200000000001 2.4384000301361084 5.2090320024871835
v 13.411200000000001 2.4384000301361084 5.337047997512818
v 16.733519984436036 2.4384000301361084 5.337047997512818
v 13.411200000000001 2.4384000301361084 5.2090320024871835
v 13.411200000000001 0 5.2090320024871835
v 13.411200000000001 2.4384000301361084 5.337047997512818
v 13.411200000000001 0 5.2090320024871835
v 13.411200000000001 0 5.337047997512818
v 13.411200000000001 2.4384000301361084 5.337047997512818
vt 0 0
vt 0 2.4384000301361084
vt 3.322319984436035 2.4384000301361084
vt 3.322319984436035 2.4384000301361084
vt 3.322319984436035 0
vt 0 0
vt 3.322319984436035 2.4384000301361084
vt 0 2.4384000301361084
vt 0 0
vt 0 0
vt 3.322319984436035 0
vt 3.322319984436035 2.4384000301361084
vt 0 1
vt 3.322319984436035 1
vt 0 0.8719840049743652
vt 3.322319984436035 1
vt 3.322319984436035 0.8719840049743652
vt 0 0.8719840049743652
vt 0 1
vt 2.4384000301361084 1
vt 0 0.8719840049743652
vt 2.4384000301361084 1
vt 2.4384000301361084 0.8719840049743652
vt 0 0.8719840049743652
vt 3.322319984436035 1
vt 0 1
vt 3.322319984436035 0.8719840049743652
vt 0 1
vt 0 0.8719840049743652
vt 3.322319984436035 0.8719840049743652
vt 2.4384000301361084 1
vt 0 1
vt 2.4384000301361084 0.8719840049743652
vt 0 1
vt 0 0.8719840049743652
vt 2.4384000301361084 0.8719840049743652
vn 0 0 -1
vn 0 0 -1
vn 0 0 -1
vn 0 0 -1
vn 0 0 -1
vn 0 0 -1
vn 0 0 1
vn 0 0 1
vn 0 0 1
vn 0 0 1
vn 0 0 1
vn 0 0 1
vn 0 -1 0
vn 0 -1 0
vn 0 -1 0
vn 0 -1 0
vn 0 -1 0
vn 0 -1 0
vn 1 0 0
vn 1 0 0
vn 1 0 0
vn 1 0 0
vn 1 0 0
vn 1 0 0
vn 0 1 0
vn 0 1 0
vn 0 1 0
vn 0 1 0
vn 0 1 0
vn 0 1 0
vn -1 0 0
vn -1 0 0
vn -1 0 0
vn -1 0 0
vn -1 0 0
vn -1 0 0
f 1657/1657/1657 1658/1658/1658 1659/1659/1659
f 1660/1660/1660 1661/1661/1661 1662/1662/1662
f 1663/1663/1663 1664/1664/1664 1665/1665/1665
f 1666/1666/1666 1667/1667/1667 1668/1668/1668
f 1669/1669/1669 1670/1670/1670 1671/1671/1671
f 1672/1672/1672 1673/1673/1673 1674/1674/1674
f 1675/1675/1675 1676/1676/1676 1677/1677/1677
f 1678/1678/1678 1679/1679/1679 1680/1680/1680
f 1681/1681/1681 1682/1682/1682 1683/1683/1683
f 1684/1684/1684 1685/1685/1685 1686/1686/1686
f 1687/1687/1687 1688/1688/1688 1689/1689/1689
f 1690/1690/1690 1691/1691/1691 1692/1692/1692
o 
v 13.411200000000001 0 9.476232002487183
v 13.411200000000001 2.4384000301361084 9.476232002487183
v 16.733519984436036 2.4384000301361084 9.476232002487183
v 16.733519984436036 2.4384000301361084 9.476232002487183
v 16.733519984436036 0 9.476232002487183
v 13.411200000000001 0 9.476232002487183
v 16.733519984436036 2.4384000301361084 9.604247997512818
v 13.411200000000001 2.4384000301361084 9.604247997512818
v 13.411200000000001 0 9.604247997512818
v 13.411200000000001 0 9.604247997512818
v 16.733519984436036 0 9.604247997512818
v 16.733519984436036 2.4384000301361084 9.604247997512818
v 13.411200000000001 0 9.476232002487183
v 16.733519984436036 0 9.476232002487183
v 13.411200000000001 0 9.604247997512818
v 16.733519984436036 0 9.476232002487183
v 16.733519984436036 0 9.604247997512818
v 13.411200000000001 0 9.604247997512818
v 16.733519984436036 0 9.476232002487183
v 16.733519984436036 2.4384000301361084 9.476232002487183
v 16.733519984436036 0 9.604247997512818
v 16.733519984436036 2.4384000301361084 9.476232002487183
v 16.733519984436036 2.4384000301361084 9.604247997512818
v 16.733519984436036 0 9.604247997512818
v 16.733519984436036 2.4384000301361084 9.476232002487183
v 13.411200000000001 2.4384000301361084 9.476232002487183
v 16.733519984436036 2.4384000301361084 9.604247997512818
v 13.411200000000001 2.4384000301361084 9.476232002487183
v 13.411200000000001 2.4384000301361084 9.604247997512818
v 16.733519984436036 2.4384000301361084 9.604247997512818
v 13.411200000000001 2.4384000301361084 9.476232002487183
v 13.411200000000001 0 9.476232002487183
v 13.411200000000001 2.4384000301361084 9.604247997512818
v 13.411200000000001 0 9.476232002487183
v 13.411200000000001 0 9.604247997512818
v 13.411200000000001 2.4384000301361084 9.604247997512818
vt 0 0
vt 0 2.4384000301361084
vt 3.322319984436035 2.4384000301361084
vt 3.322319984436035 2.4384000301361084
vt 3.322319984436035 0
vt 0 0
vt 3.322319984436035 2.4384000301361084
vt 0 2.4384000301361084
vt 0 0
vt 0 0
vt 3.322319984436035 0
vt 3.322319984436035 2.4384000301361084
vt 0 1
vt 3.322319984436035 1
vt 0 0.8719840049743652
vt 3.322319984436035 1
vt 3.322319984436035 0.8719840049743652
vt 0 0.8719840049743652
vt 0 1
vt 2.4384000301361084 1
vt 0 0.8719840049743652
vt 2.4384000301361084 1
vt 2.4384000301361084 0.8719840049743652
vt 0 0.8719840049743652
vt 3.322319984436035 1
vt 0 1
vt 3.322319984436035 0.8719840049743652
vt 0 1
vt 0 0.8719840049743652
vt 3.322319984436035 0.8719840049743652
vt 2.4384000301361084 1
vt 0 1
vt 2.4384000301361084 0.8719840049743652
vt 0 1
vt 0 0.8719840049743652
vt 2.4384000301361084 0.8719840049743652
vn 0 0 -1
vn 0 0 -1
vn 0 0 -1
vn 0 0 -1
vn 0 0 -1
vn 0 0 -1
vn 0 0 1
vn 0 0 1
vn 0 0 1
vn 0 0 1
vn 0 0 1
vn 0 0 1
vn 0 -1 0
vn 0 -1 0
vn 0 -1 0
vn 0 -1 0
vn 0 -1 0
vn 0 -1 0
vn 1 0 0
vn 1 0 0
vn 1 0 0
vn 1 0 0
vn 1 0 0
vn 1 0 0
vn 0 1 0
vn 0 1 0
vn 0 1 0
vn 0 1 0
vn 0 1 0
vn 0 1 0
vn -1 0 0
vn -1 0 0
vn -1 0 0
vn -1 0 0
vn -1 0 0
vn -1 0 0
f 1693/1693/1693 1694/1694/1694 1695/1695/1695
f 1696/1696/1696 1697/1697/1697 1698/1698/1698
f 1699/1699/1699 1700/1700/1700 1701/1701/1701
f 1702/1702/1702 1703/1703/1703 1704/1704/1704
f 1705/1705/1705 1706/1706/1706 1707/1707/1707
f 1708/1708/1708 1709/1709/1709 1710/1710/1710
f 1711/1711/1711 1712/1712/1712 1713/1713/1713
f 1714/1714/1714 1715/1715/1715 1716/1716/1716
f 1717/1717/1717 1718/1718/1718 1719/1719/1719
f 1720/1720/1720 1721/1721/1721 1722/1722/1722
f 1723/1723/1723 1724/1724/1724 1725/1725/1725
f 1726/1726/1726 1727/1727/1727 1728/1728/1728
o 
v 3.295898443056444e-8 0.00500000000000065 1.1520385978514014e-8
v 2.8651199670410157 0.00500000000000065 1.1520385978514014e-8
v 3.295898443056444e-8 0.0049999999999993505 5.852159988479615
v 2.8651199670410157 0.0049999999999993505 5.852159988479615
vt 0 1
vt 1 1
vt 0 0
vt 1 0
vn 0 1 2.220446049250313e-16
vn 0 1 2.220446049250313e-16
vn 0 1 2.220446049250313e-16
vn 0 1 2.220446049250313e-16
f 1729/1729/1729 1731/1731/1731 1730/1730/1730
f 1731/1731/1731 1732/1732/1732 1730/1730/1730
o 
v 3.295898443056444e-8 0.0060000000000001285 5.852160019664765
v 2.8651199670410157 0.0060000000000001285 5.852160019664765
v 3.295898443056444e-8 0.005999999999999872 7.010399980335237
v 2.8651199670410157 0.005999999999999872 7.010399980335237
vt 0 1
vt 1 1
vt 0 0
vt 1 0
vn 0 1 2.220446049250313e-16
vn 0 1 2.220446049250313e-16
vn 0 1 2.220446049250313e-16
vn 0 1 2.220446049250313e-16
f 1733/1733/1733 1735/1735/1735 1734/1734/1734
f 1735/1735/1735 1736/1736/1736 1734/1734/1734
o 
v 2.8651199742126474 0.007000000000000778 9.078979523735597e-8
v 6.7970400257873544 0.007000000000000778 9.078979523735597e-8
v 2.8651199742126474 0.006999999999999222 7.010399909210205
v 6.7970400257873544 0.006999999999999222 7.010399909210205
vt 0 1
vt 1 1
vt 0 0
vt 1 0
vn 0 1 2.220446049250313e-16
vn 0 1 2.220446049250313e-16
vn 0 1 2.220446049250313e-16
vn 0 1 2.220446049250313e-16
f 1737/1737/1737 1739/1739/1739 1738/1738/1738
f 1739/1739/1739 1740/1740/1740 1738/1738/1738
o 
v 6.797040024871826 0.008000000000000186 1.0668000268936157
v 8.077199975128174 0.008000000000000186 1.0668000268936157
v 6.797040024871826 0.007999999999999815 2.7431999731063845
v 8.077199975128174 0.007999999999999815 2.7431999731063845
vt 0 1
vt 1 1
vt 0 0
vt 1 0
vn 0 1 2.220446049250313e-16
vn 0 1 2.220446049250313e-16
vn 0 1 2.220446049250313e-16
vn 0 1 2.220446049250313e-16
f 1741/1741/1741 1743/1743/1743 1742/1742/1742
f 1743/1743/1743 1744/1744/1744 1742/1742/1742
o 
v 6.797040024871826 0.009000000000000475 2.743200003433228
v 8.077199975128174 0.009000000000000475 2.743200003433228
v 6.797040024871826 0.008999999999999527 7.010399996566773
v 8.077199975128174 0.008999999999999527 7.010399996566773
vt 0 1
vt 1 1
vt 0 0
vt 1 0
vn 0 1 2.220446049250313e-16
vn 0 1 2.220446049250313e-16
vn 0 1 2.220446049250313e-16
vn 0 1 2.220446049250313e-16
f 1745/1745/1745 1747/1747/1747 1746/1746/1746
f 1747/1747/1747 1748/1748/1748 1746/1746/1746
o 
v 8.07719994468689 0.010000000000000779 9.078979523735597e-8
v 13.411200055313111 0.010000000000000779 9.078979523735597e-8
v 8.07719994468689 0.009999999999999221 7.010399909210205
v 13.411200055313111 0.009999999999999221 7.010399909210205
vt 0 1
vt 1 1
vt 0 0
vt 1 0
vn 0 1 2.220446049250313e-16
vn 0 1 2.220446049250313e-16
vn 0 1 2.220446049250313e-16
vn 0 1 2.220446049250313e-16
f 1749/1749/1749 1751/1751/1751 1750/1750/1750
f 1751/1751/1751 1752/1752/1752 1750/1750/1750
o 
v 13.411200000858308 0.011000000000000135 -7.534027068878402e-9
v 14.477999999141694 0.011000000000000135 -7.534027068878402e-9
v 13.411200000858308 0.010999999999999864 1.219200007534027
v 14.477999999141694 0.010999999999999864 1.219200007534027
vt 0 1
vt 1 1
vt 0 0
vt 1 0
vn 0 1 2.220446049250313e-16
vn 0 1 2.220446049250313e-16
vn 0 1 2.220446049250313e-16
vn 0 1 2.220446049250313e-16
f 1753/1753/1753 1755/1755/1755 1754/1754/1754
f 1755/1755/1755 1756/1756/1756 1754/1754/1754
o 
v 13.411200000858308 0.01200000000000045 1.2191999198150638
v 14.477999999141694 0.01200000000000045 1.2191999198150638
v 13.411200000858308 0.011999999999999551 5.273040080184937
v 14.477999999141694 0.011999999999999551 5.273040080184937
vt 0 1
vt 1 1
vt 0 0
vt 1 0
vn 0 1 2.220446049250313e-16
vn 0 1 2.220446049250313e-16
vn 0 1 2.220446049250313e-16
vn 0 1 2.220446049250313e-16
f 1757/1757/1757 1759/1759/1759 1758/1758/1758
f 1759/1759/1759 1760/1760/1760 1758/1758/1758
o 
v 15.057120026893616 0.013000000000000119 8.583068700218632e-10
v 16.733519973106382 0.013000000000000119 8.583068700218632e-10
v 15.057120026893616 0.012999999999999883 1.066799999141693
v 16.733519973106382 0.012999999999999883 1.066799999141693
vt 0 1
vt 1 1
vt 0 0
vt 1 0
vn 0 1 2.220446049250313e-16
vn 0 1 2.220446049250313e-16
vn 0 1 2.220446049250313e-16
vn 0 1 2.220446049250313e-16
f 1761/1761/1761 1763/1763/1763 1762/1762/1762
f 1763/1763/1763 1764/1764/1764 1762/1762/1762
o 
v 14.477999995651246 0.014000000000000155 2.103119984073639
v 15.422880004348755 0.014000000000000155 2.103119984073639
v 14.477999995651246 0.01399999999999985 3.474720015926361
v 15.422880004348755 0.01399999999999985 3.474720015926361
vt 0 1
vt 1 1
vt 0 0
vt 1 0
vn 0 1 2.220446049250313e-16
vn 0 1 2.220446049250313e-16
vn 0 1 2.220446049250313e-16
vn 0 1 2.220446049250313e-16
f 1765/1765/1765 1767/1767/1767 1766/1766/1766
f 1767/1767/1767 1768/1768/1768 1766/1766/1766
o 
v 15.422880011272433 0.015000000000000152 2.103119984073639
v 16.733519988727572 0.015000000000000152 2.103119984073639
v 15.422880011272433 0.014999999999999847 3.474720015926361
v 16.733519988727572 0.014999999999999847 3.474720015926361
vt 0 1
vt 1 1
vt 0 0
vt 1 0
vn 0 1 2.220446049250313e-16
vn 0 1 2.220446049250313e-16
vn 0 1 2.220446049250313e-16
vn 0 1 2.220446049250313e-16
f 1769/1769/1769 1771/1771/1771 1770/1770/1770
f 1771/1771/1771 1772/1772/1772 1770/1770/1770
o 
v 14.477999947319033 0.01600000000000013 3.4747200196647645
v 16.733520052680973 0.01600000000000013 3.4747200196647645
v 14.477999947319033 0.015999999999999872 4.632959980335236
v 16.733520052680973 0.015999999999999872 4.632959980335236
vt 0 1
vt 1 1
vt 0 0
vt 1 0
vn 0 1 2.220446049250313e-16
vn 0 1 2.220446049250313e-16
vn 0 1 2.220446049250313e-16
vn 0 1 2.220446049250313e-16
f 1773/1773/1773 1775/1775/1775 1774/1774/1774
f 1775/1775/1775 1776/1776/1776 1774/1774/1774
o 
v 13.411200007781984 0.017000000000000477 5.273040003433228
v 16.73351999221802 0.017000000000000477 5.273040003433228
v 13.411200007781984 0.016999999999999526 9.540239996566772
v 16.73351999221802 0.016999999999999526 9.540239996566772
vt 0 1
vt 1 1
vt 0 0
vt 1 0
vn 0 1 2.220446049250313e-16
vn 0 1 2.220446049250313e-16
vn 0 1 2.220446049250313e-16
vn 0 1 2.220446049250313e-16
f 1777/1777/1777 1779/1779/1779 1778/1778/1778
f 1779/1779/1779 1780/1780/1780 1778/1778/1778
o 
v 13.411200007781984 0.018000000000000314 10.393679940948488
v 16.73351999221802 0.018000000000000314 10.393679940948488
v 13.411200007781984 0.01799999999999969 13.197840059051515
v 16.73351999221802 0.01799999999999969 13.197840059051515
vt 0 1
vt 1 1
vt 0 0
vt 1 0
vn 0 1 2.220446049250313e-16
vn 0 1 2.220446049250313e-16
vn 0 1 2.220446049250313e-16
vn 0 1 2.220446049250313e-16
f 1781/1781/1781 1783/1783/1783 1782/1782/1782
f 1783/1783/1783 1784/1784/1784 1782/1782/1782
o 
v 6.797039982910157 0.019000000000000235 7.010400001716615
v 8.839200017089844 0.019000000000000235 7.010400001716615
v 6.797039982910157 0.018999999999999764 9.143999998283387
v 8.839200017089844 0.018999999999999764 9.143999998283387
vt 0 1
vt 1 1
vt 0 0
vt 1 0
vn 0 1 2.220446049250313e-16
vn 0 1 2.220446049250313e-16
vn 0 1 2.220446049250313e-16
vn 0 1 2.220446049250313e-16
f 1785/1785/1785 1787/1787/1787 1786/1786/1786
f 1787/1787/1787 1788/1788/1788 1786/1786/1786
o 
v 2.8651201821899424 -0.03047999999999971 7.010399949340821
v 13.41119981781006 -0.03047999999999971 7.010399949340821
v 2.8651201821899424 -0.0304800000000003 9.66216005065918
v 13.41119981781006 -0.0304800000000003 9.66216005065918
vt 0 1
vt 1 1
vt 0 0
vt 1 0
vn 0 1 2.220446049250313e-16
vn 0 1 2.220446049250313e-16
vn 0 1 2.220446049250313e-16
vn 0 1 2.220446049250313e-16
f 1789/1789/1789 1791/1791/1791 1790/1790/1790
f 1791/1791/1791 1792/1792/1792 1790/1790/1790
o 
v 1.2192000121593476 2.0499999907493587 0.014999999664723873
v 1.2192000121593476 2.0499999907493587 -0.014999999664723873
v 1.2192000121593476 1.1356000092506406 0.014999999664723873
v 1.2192000121593476 1.1356000092506406 -0.014999999664723873
v 0.4571999878406525 2.0499999907493587 -0.014999999664723873
v 0.4571999878406525 2.0499999907493587 0.014999999664723873
v 0.4571999878406525 1.1356000092506406 -0.014999999664723873
v 0.4571999878406525 1.1356000092506406 0.014999999664723873
v 0.4571999878406525 2.0499999907493587 -0.014999999664723873
v 1.2192000121593476 2.0499999907493587 -0.014999999664723873
v 0.4571999878406525 2.0499999907493587 0.014999999664723873
v 1.2192000121593476 2.0499999907493587 0.014999999664723873
v 0.4571999878406525 1.1356000092506406 0.014999999664723873
v 1.2192000121593476 1.1356000092506406 0.014999999664723873
v 0.4571999878406525 1.1356000092506406 -0.014999999664723873
v 1.2192000121593476 1.1356000092506406 -0.014999999664723873
v 0.4571999878406525 2.0499999907493587 0.014999999664723873
v 1.2192000121593476 2.0499999907493587 0.014999999664723873
v 0.4571999878406525 1.1356000092506406 0.014999999664723873
v 1.2192000121593476 1.1356000092506406 0.014999999664723873
v 1.2192000121593476 2.0499999907493587 -0.014999999664723873
v 0.4571999878406525 2.0499999907493587 -0.014999999664723873
v 1.2192000121593476 1.1356000092506406 -0.014999999664723873
v 0.4571999878406525 1.1356000092506406 -0.014999999664723873
vt 0 1
vt 1 1
vt 0 0
vt 1 0
vt 0 1
vt 1 1
vt 0 0
vt 1 0
vt 0 1
vt 1 1
vt 0 0
vt 1 0
vt 0 1
vt 1 1
vt 0 0
vt 1 0
vt 0 1
vt 1 1
vt 0 0
vt 1 0
vt 0 1
vt 1 1
vt 0 0
vt 1 0
vn 1 0 0
vn 1 0 0
vn 1 0 0
vn 1 0 0
vn -1 0 0
vn -1 0 0
vn -1 0 0
vn -1 0 0
vn 0 1 0
vn 0 1 0
vn 0 1 0
vn 0 1 0
vn 0 -1 0
vn 0 -1 0
vn 0 -1 0
vn 0 -1 0
vn 0 0 1
vn 0 0 1
vn 0 0 1
vn 0 0 1
vn 0 0 -1
vn 0 0 -1
vn 0 0 -1
vn 0 0 -1
f 1793/1793/1793 1795/1795/1795 1794/1794/1794
f 1795/1795/1795 1796/1796/1796 1794/1794/1794
f 1797/1797/1797 1799/1799/1799 1798/1798/1798
f 1799/1799/1799 1800/1800/1800 1798/1798/1798
f 1801/1801/1801 1803/1803/1803 1802/1802/1802
f 1803/1803/1803 1804/1804/1804 1802/1802/1802
f 1805/1805/1805 1807/1807/1807 1806/1806/1806
f 1807/1807/1807 1808/1808/1808 1806/1806/1806
f 1809/1809/1809 1811/1811/1811 1810/1810/1810
f 1811/1811/1811 1812/1812/1812 1810/1810/1810
f 1813/1813/1813 1815/1815/1815 1814/1814/1814
f 1815/1815/1815 1816/1816/1816 1814/1814/1814
o 
v 4.572000024318696 2.049999981498718 0.014999999664723873
v 4.572000024318696 2.049999981498718 -0.014999999664723873
v 4.572000024318696 0.22120001850128146 0.014999999664723873
v 4.572000024318696 0.22120001850128146 -0.014999999664723873
v 3.047999975681305 2.049999981498718 -0.014999999664723873
v 3.047999975681305 2.049999981498718 0.014999999664723873
v 3.047999975681305 0.22120001850128146 -0.014999999664723873
v 3.047999975681305 0.22120001850128146 0.014999999664723873
v 3.047999975681305 2.049999981498718 -0.014999999664723873
v 4.572000024318696 2.049999981498718 -0.014999999664723873
v 3.047999975681305 2.049999981498718 0.014999999664723873
v 4.572000024318696 2.049999981498718 0.014999999664723873
v 3.047999975681305 0.22120001850128146 0.014999999664723873
v 4.572000024318696 0.22120001850128146 0.014999999664723873
v 3.047999975681305 0.22120001850128146 -0.014999999664723873
v 4.572000024318696 0.22120001850128146 -0.014999999664723873
v 3.047999975681305 2.049999981498718 0.014999999664723873
v 4.572000024318696 2.049999981498718 0.014999999664723873
v 3.047999975681305 0.22120001850128146 0.014999999664723873
v 4.572000024318696 0.22120001850128146 0.014999999664723873
v 4.572000024318696 2.049999981498718 -0.014999999664723873
v 3.047999975681305 2.049999981498718 -0.014999999664723873
v 4.572000024318696 0.22120001850128146 -0.014999999664723873
v 3.047999975681305 0.22120001850128146 -0.014999999664723873
vt 0 1
vt 1 1
vt 0 0
vt 1 0
vt 0 1
vt 1 1
vt 0 0
vt 1 0
vt 0 1
vt 1 1
vt 0 0
vt 1 0
vt 0 1
vt 1 1
vt 0 0
vt 1 0
vt 0 1
vt 1 1
vt 0 0
vt 1 0
vt 0 1
vt 1 1
vt 0 0
vt 1 0
vn 1 0 0
vn 1 0 0
vn 1 0 0
vn 1 0 0
vn -1 0 0
vn -1 0 0
vn -1 0 0
vn -1 0 0
vn 0 1 0
vn 0 1 0
vn 0 1 0
vn 0 1 0
vn 0 -1 0
vn 0 -1 0
vn 0 -1 0
vn 0 -1 0
vn 0 0 1
vn 0 0 1
vn 0 0 1
vn 0 0 1
vn 0 0 -1
vn 0 0 -1
vn 0 0 -1
vn 0 0 -1
f 1817/1817/1817 1819/1819/1819 1818/1818/1818
f 1819/1819/1819 1820/1820/1820 1818/1818/1818
f 1821/1821/1821 1823/1823/1823 1822/1822/1822
f 1823/1823/1823 1824/1824/1824 1822/1822/1822
f 1825/1825/1825 1827/1827/1827 1826/1826/1826
f 1827/1827/1827 1828/1828/1828 1826/1826/1826
f 1829/1829/1829 1831/1831/1831 1830/1830/1830
f 1831/1831/1831 1832/1832/1832 1830/1830/1830
f 1833/1833/1833 1835/1835/1835 1834/1834/1834
f 1835/1835/1835 1836/1836/1836 1834/1834/1834
f 1837/1837/1837 1839/1839/1839 1838/1838/1838
f 1839/1839/1839 1840/1840/1840 1838/1838/1838
o 
v 7.010400024318695 2.049999981498718 0.014999999664723873
v 7.010400024318695 2.049999981498718 -0.014999999664723873
v 7.010400024318695 0.22120001850128146 0.014999999664723873
v 7.010400024318695 0.22120001850128146 -0.014999999664723873
v 5.486399975681305 2.049999981498718 -0.014999999664723873
v 5.486399975681305 2.049999981498718 0.014999999664723873
v 5.486399975681305 0.22120001850128146 -0.014999999664723873
v 5.486399975681305 0.22120001850128146 0.014999999664723873
v 5.486399975681305 2.049999981498718 -0.014999999664723873
v 7.010400024318695 2.049999981498718 -0.014999999664723873
v 5.486399975681305 2.049999981498718 0.014999999664723873
v 7.010400024318695 2.049999981498718 0.014999999664723873
v 5.486399975681305 0.22120001850128146 0.014999999664723873
v 7.010400024318695 0.22120001850128146 0.014999999664723873
v 5.486399975681305 0.22120001850128146 -0.014999999664723873
v 7.010400024318695 0.22120001850128146 -0.014999999664723873
v 5.486399975681305 2.049999981498718 0.014999999664723873
v 7.010400024318695 2.049999981498718 0.014999999664723873
v 5.486399975681305 0.22120001850128146 0.014999999664723873
v 7.010400024318695 0.22120001850128146 0.014999999664723873
v 7.010400024318695 2.049999981498718 -0.014999999664723873
v 5.486399975681305 2.049999981498718 -0.014999999664723873
v 7.010400024318695 0.22120001850128146 -0.014999999664723873
v 5.486399975681305 0.22120001850128146 -0.014999999664723873
vt 0 1
vt 1 1
vt 0 0
vt 1 0
vt 0 1
vt 1 1
vt 0 0
vt 1 0
vt 0 1
vt 1 1
vt 0 0
vt 1 0
vt 0 1
vt 1 1
vt 0 0
vt 1 0
vt 0 1
vt 1 1
vt 0 0
vt 1 0
vt 0 1
vt 1 1
vt 0 0
vt 1 0
vn 1 0 0
vn 1 0 0
vn 1 0 0
vn 1 0 0
vn -1 0 0
vn -1 0 0
vn -1 0 0
vn -1 0 0
vn 0 1 0
vn 0 1 0
vn 0 1 0
vn 0 1 0
vn 0 -1 0
vn 0 -1 0
vn 0 -1 0
vn 0 -1 0
vn 0 0 1
vn 0 0 1
vn 0 0 1
vn 0 0 1
vn 0 0 -1
vn 0 0 -1
vn 0 0 -1
vn 0 0 -1
f 1841/1841/1841 1843/1843/1843 1842/1842/1842
f 1843/1843/1843 1844/1844/1844 1842/1842/1842
f 1845/1845/1845 1847/1847/1847 1846/1846/1846
f 1847/1847/1847 1848/1848/1848 1846/1846/1846
f 1849/1849/1849 1851/1851/1851 1850/1850/1850
f 1851/1851/1851 1852/1852/1852 1850/1850/1850
f 1853/1853/1853 1855/1855/1855 1854/1854/1854
f 1855/1855/1855 1856/1856/1856 1854/1854/1854
f 1857/1857/1857 1859/1859/1859 1858/1858/1858
f 1859/1859/1859 1860/1860/1860 1858/1858/1858
f 1861/1861/1861 1863/1863/1863 1862/1862/1862
f 1863/1863/1863 1864/1864/1864 1862/1862/1862
o 
v 9.448800007534027 2.0499999907493587 0.014999999664723873
v 9.448800007534027 2.0499999907493587 -0.014999999664723873
v 9.448800007534027 1.1356000092506406 0.014999999664723873
v 9.448800007534027 1.1356000092506406 -0.014999999664723873
v 8.229599992465973 2.0499999907493587 -0.014999999664723873
v 8.229599992465973 2.0499999907493587 0.014999999664723873
v 8.229599992465973 1.1356000092506406 -0.014999999664723873
v 8.229599992465973 1.1356000092506406 0.014999999664723873
v 8.229599992465973 2.0499999907493587 -0.014999999664723873
v 9.448800007534027 2.0499999907493587 -0.014999999664723873
v 8.229599992465973 2.0499999907493587 0.014999999664723873
v 9.448800007534027 2.0499999907493587 0.014999999664723873
v 8.229599992465973 1.1356000092506406 0.014999999664723873
v 9.448800007534027 1.1356000092506406 0.014999999664723873
v 8.229599992465973 1.1356000092506406 -0.014999999664723873
v 9.448800007534027 1.1356000092506406 -0.014999999664723873
v 8.229599992465973 2.0499999907493587 0.014999999664723873
v 9.448800007534027 2.0499999907493587 0.014999999664723873
v 8.229599992465973 1.1356000092506406 0.014999999664723873
v 9.448800007534027 1.1356000092506406 0.014999999664723873
v 9.448800007534027 2.0499999907493587 -0.014999999664723873
v 8.229599992465973 2.0499999907493587 -0.014999999664723873
v 9.448800007534027 1.1356000092506406 -0.014999999664723873
v 8.229599992465973 1.1356000092506406 -0.014999999664723873
vt 0 1
vt 1 1
vt 0 0
vt 1 0
vt 0 1
vt 1 1
vt 0 0
vt 1 0
vt 0 1
vt 1 1
vt 0 0
vt 1 0
vt 0 1
vt 1 1
vt 0 0
vt 1 0
vt 0 1
vt 1 1
vt 0 0
vt 1 0
vt 0 1
vt 1 1
vt 0 0
vt 1 0
vn 1 0 0
vn 1 0 0
vn 1 0 0
vn 1 0 0
vn -1 0 0
vn -1 0 0
vn -1 0 0
vn -1 0 0
vn 0 1 0
vn 0 1 0
vn 0 1 0
vn 0 1 0
vn 0 -1 0
vn 0 -1 0
vn 0 -1 0
vn 0 -1 0
vn 0 0 1
vn 0 0 1
vn 0 0 1
vn 0 0 1
vn 0 0 -1
vn 0 0 -1
vn 0 0 -1
vn 0 0 -1
f 1865/1865/1865 1867/1867/1867 1866/1866/1866
f 1867/1867/1867 1868/1868/1868 1866/1866/1866
f 1869/1869/1869 1871/1871/1871 1870/1870/1870
f 1871/1871/1871 1872/1872/1872 1870/1870/1870
f 1873/1873/1873 1875/1875/1875 1874/1874/1874
f 1875/1875/1875 1876/1876/1876 1874/1874/1874
f 1877/1877/1877 1879/1879/1879 1878/1878/1878
f 1879/1879/1879 1880/1880/1880 1878/1878/1878
f 1881/1881/1881 1883/1883/1883 1882/1882/1882
f 1883/1883/1883 1884/1884/1884 1882/1882/1882
f 1885/1885/1885 1887/1887/1887 1886/1886/1886
f 1887/1887/1887 1888/1888/1888 1886/1886/1886
o 
v 12.496799981498718 2.049999981498718 0.014999999664723873
v 12.496799981498718 2.049999981498718 -0.014999999664723873
v 12.496799981498718 0.22120001850128146 0.014999999664723873
v 12.496799981498718 0.22120001850128146 -0.014999999664723873
v 10.668000018501282 2.049999981498718 -0.014999999664723873
v 10.668000018501282 2.049999981498718 0.014999999664723873
v 10.668000018501282 0.22120001850128146 -0.014999999664723873
v 10.668000018501282 0.22120001850128146 0.014999999664723873
v 10.668000018501282 2.049999981498718 -0.014999999664723873
v 12.496799981498718 2.049999981498718 -0.014999999664723873
v 10.668000018501282 2.049999981498718 0.014999999664723873
v 12.496799981498718 2.049999981498718 0.014999999664723873
v 10.668000018501282 0.22120001850128146 0.014999999664723873
v 12.496799981498718 0.22120001850128146 0.014999999664723873
v 10.668000018501282 0.22120001850128146 -0.014999999664723873
v 12.496799981498718 0.22120001850128146 -0.014999999664723873
v 10.668000018501282 2.049999981498718 0.014999999664723873
v 12.496799981498718 2.049999981498718 0.014999999664723873
v 10.668000018501282 0.22120001850128146 0.014999999664723873
v 12.496799981498718 0.22120001850128146 0.014999999664723873
v 12.496799981498718 2.049999981498718 -0.014999999664723873
v 10.668000018501282 2.049999981498718 -0.014999999664723873
v 12.496799981498718 0.22120001850128146 -0.014999999664723873
v 10.668000018501282 0.22120001850128146 -0.014999999664723873
vt 0 1
vt 1 1
vt 0 0
vt 1 0
vt 0 1
vt 1 1
vt 0 0
vt 1 0
vt 0 1
vt 1 1
vt 0 0
vt 1 0
vt 0 1
vt 1 1
vt 0 0
vt 1 0
vt 0 1
vt 1 1
vt 0 0
vt 1 0
vt 0 1
vt 1 1
vt 0 0
vt 1 0
vn 1 0 0
vn 1 0 0
vn 1 0 0
vn 1 0 0
vn -1 0 0
vn -1 0 0
vn -1 0 0
vn -1 0 0
vn 0 1 0
vn 0 1 0
vn 0 1 0
vn 0 1 0
vn 0 -1 0
vn 0 -1 0
vn 0 -1 0
vn 0 -1 0
vn 0 0 1
vn 0 0 1
vn 0 0 1
vn 0 0 1
vn 0 0 -1
vn 0 0 -1
vn 0 0 -1
vn 0 0 -1
f 1889/1889/1889 1891/1891/1891 1890/1890/1890
f 1891/1891/1891 1892/1892/1892 1890/1890/1890
f 1893/1893/1893 1895/1895/1895 1894/1894/1894
f 1895/1895/1895 1896/1896/1896 1894/1894/1894
f 1897/1897/1897 1899/1899/1899 1898/1898/1898
f 1899/1899/1899 1900/1900/1900 1898/1898/1898
f 1901/1901/1901 1903/1903/1903 1902/1902/1902
f 1903/1903/1903 1904/1904/1904 1902/1902/1902
f 1905/1905/1905 1907/1907/1907 1906/1906/1906
f 1907/1907/1907 1908/1908/1908 1906/1906/1906
f 1909/1909/1909 1911/1911/1911 1910/1910/1910
f 1911/1911/1911 1912/1912/1912 1910/1910/1910
o 
v 10.058399975681306 2.050000024318695 6.995400000335277
v 10.058399975681306 2.050000024318695 7.0253999996647245
v 10.058399975681306 0.5259999756813047 6.995400000335277
v 10.058399975681306 0.5259999756813047 7.0253999996647245
v 11.582400024318696 2.050000024318695 7.0253999996647245
v 11.582400024318696 2.050000024318695 6.995400000335277
v 11.582400024318696 0.5259999756813047 7.0253999996647245
v 11.582400024318696 0.5259999756813047 6.995400000335277
v 11.582400024318696 2.050000024318695 7.0253999996647245
v 10.058399975681306 2.050000024318695 7.0253999996647245
v 11.582400024318696 2.050000024318695 6.995400000335277
v 10.058399975681306 2.050000024318695 6.995400000335277
v 11.582400024318696 0.5259999756813047 6.995400000335277
v 10.058399975681306 0.5259999756813047 6.995400000335277
v 11.582400024318696 0.5259999756813047 7.0253999996647245
v 10.058399975681306 0.5259999756813047 7.0253999996647245
v 11.582400024318696 2.050000024318695 6.995400000335277
v 10.058399975681306 2.050000024318695 6.995400000335277
v 11.582400024318696 0.5259999756813047 6.995400000335277
v 10.058399975681306 0.5259999756813047 6.995400000335277
v 10.058399975681306 2.050000024318695 7.0253999996647245
v 11.582400024318696 2.050000024318695 7.0253999996647245
v 10.058399975681306 0.5259999756813047 7.0253999996647245
v 11.582400024318696 0.5259999756813047 7.0253999996647245
vt 0 1
vt 1 1
vt 0 0
vt 1 0
vt 0 1
vt 1 1
vt 0 0
vt 1 0
vt 0 1
vt 1 1
vt 0 0
vt 1 0
vt 0 1
vt 1 1
vt 0 0
vt 1 0
vt 0 1
vt 1 1
vt 0 0
vt 1 0
vt 0 1
vt 1 1
vt 0 0
vt 1 0
vn -1 0 1.2246467991473532e-16
vn -1 0 1.2246467991473532e-16
vn -1 0 1.2246467991473532e-16
vn -1 0 1.2246467991473532e-16
vn 1 0 -1.2246467991473532e-16
vn 1 0 -1.2246467991473532e-16
vn 1 0 -1.2246467991473532e-16
vn 1 0 -1.2246467991473532e-16
vn 0 1 0
vn 0 1 0
vn 0 1 0
vn 0 1 0
vn 0 -1 0
vn 0 -1 0
vn 0 -1 0
vn 0 -1 0
vn -1.2246467991473532e-16 0 -1
vn -1.2246467991473532e-16 0 -1
vn -1.2246467991473532e-16 0 -1
vn -1.2246467991473532e-16 0 -1
vn 1.2246467991473532e-16 0 1
vn 1.2246467991473532e-16 0 1
vn 1.2246467991473532e-16 0 1
vn 1.2246467991473532e-16 0 1
f 1913/1913/1913 1915/1915/1915 1914/1914/1914
f 1915/1915/1915 1916/1916/1916 1914/1914/1914
f 1917/1917/1917 1919/1919/1919 1918/1918/1918
f 1919/1919/1919 1920/1920/1920 1918/1918/1918
f 1921/1921/1921 1923/1923/1923 1922/1922/1922
f 1923/1923/1923 1924/1924/1924 1922/1922/1922
f 1925/1925/1925 1927/1927/1927 1926/1926/1926
f 1927/1927/1927 1928/1928/1928 1926/1926/1926
f 1929/1929/1929 1931/1931/1931 1930/1930/1930
f 1931/1931/1931 1932/1932/1932 1930/1930/1930
f 1933/1933/1933 1935/1935/1935 1934/1934/1934
f 1935/1935/1935 1936/1936/1936 1934/1934/1934
o 
v 4.663439975681306 2.050000024318695 6.995400000335277
v 4.663439975681306 2.050000024318695 7.0253999996647245
v 4.663439975681306 0.5259999756813047 6.995400000335277
v 4.663439975681306 0.5259999756813047 7.0253999996647245
v 6.187440024318696 2.050000024318695 7.0253999996647245
v 6.187440024318696 2.050000024318695 6.995400000335277
v 6.187440024318696 0.5259999756813047 7.0253999996647245
v 6.187440024318696 0.5259999756813047 6.995400000335277
v 6.187440024318696 2.050000024318695 7.0253999996647245
v 4.663439975681306 2.050000024318695 7.0253999996647245
v 6.187440024318696 2.050000024318695 6.995400000335277
v 4.663439975681306 2.050000024318695 6.995400000335277
v 6.187440024318696 0.5259999756813047 6.995400000335277
v 4.663439975681306 0.5259999756813047 6.995400000335277
v 6.187440024318696 0.5259999756813047 7.0253999996647245
v 4.663439975681306 0.5259999756813047 7.0253999996647245
v 6.187440024318696 2.050000024318695 6.995400000335277
v 4.663439975681306 2.050000024318695 6.995400000335277
v 6.187440024318696 0.5259999756813047 6.995400000335277
v 4.663439975681306 0.5259999756813047 6.995400000335277
v 4.663439975681306 2.050000024318695 7.0253999996647245
v 6.187440024318696 2.050000024318695 7.0253999996647245
v 4.663439975681306 0.5259999756813047 7.0253999996647245
v 6.187440024318696 0.5259999756813047 7.0253999996647245
vt 0 1
vt 1 1
vt 0 0
vt 1 0
vt 0 1
vt 1 1
vt 0 0
vt 1 0
vt 0 1
vt 1 1
vt 0 0
vt 1 0
vt 0 1
vt 1 1
vt 0 0
vt 1 0
vt 0 1
vt 1 1
vt 0 0
vt 1 0
vt 0 1
vt 1 1
vt 0 0
vt 1 0
vn -1 0 1.2246467991473532e-16
vn -1 0 1.2246467991473532e-16
vn -1 0 1.2246467991473532e-16
vn -1 0 1.2246467991473532e-16
vn 1 0 -1.2246467991473532e-16
vn 1 0 -1.2246467991473532e-16
vn 1 0 -1.2246467991473532e-16
vn 1 0 -1.2246467991473532e-16
vn 0 1 0
vn 0 1 0
vn 0 1 0
vn 0 1 0
vn 0 -1 0
vn 0 -1 0
vn 0 -1 0
vn 0 -1 0
vn -1.2246467991473532e-16 0 -1
vn -1.2246467991473532e-16 0 -1
vn -1.2246467991473532e-16 0 -1
vn -1.2246467991473532e-16 0 -1
vn 1.2246467991473532e-16 0 1
vn 1.2246467991473532e-16 0 1
vn 1.2246467991473532e-16 0 1
vn 1.2246467991473532e-16 0 1
f 1937/1937/1937 1939/1939/1939 1938/1938/1938
f 1939/1939/1939 1940/1940/1940 1938/1938/1938
f 1941/1941/1941 1943/1943/1943 1942/1942/1942
f 1943/1943/1943 1944/1944/1944 1942/1942/1942
f 1945/1945/1945 1947/1947/1947 1946/1946/1946
f 1947/1947/1947 1948/1948/1948 1946/1946/1946
f 1949/1949/1949 1951/1951/1951 1950/1950/1950
f 1951/1951/1951 1952/1952/1952 1950/1950/1950
f 1953/1953/1953 1955/1955/1955 1954/1954/1954
f 1955/1955/1955 1956/1956/1956 1954/1954/1954
f 1957/1957/1957 1959/1959/1959 1958/1958/1958
f 1959/1959/1959 1960/1960/1960 1958/1958/1958
o 
v 0.014999999664724165 2.049999981498718 4.267199975681305
v -0.014999999664723582 2.049999981498718 4.267199975681305
v 0.014999999664724165 0.22120001850128146 4.267199975681305
v -0.014999999664723582 0.22120001850128146 4.267199975681305
v -0.014999999664723922 2.049999981498718 5.791200024318695
v 0.014999999664723825 2.049999981498718 5.791200024318695
v -0.014999999664723922 0.22120001850128146 5.791200024318695
v 0.014999999664723825 0.22120001850128146 5.791200024318695
v -0.014999999664723922 2.049999981498718 5.791200024318695
v -0.014999999664723582 2.049999981498718 4.267199975681305
v 0.014999999664723825 2.049999981498718 5.791200024318695
v 0.014999999664724165 2.049999981498718 4.267199975681305
v 0.014999999664723825 0.22120001850128146 5.791200024318695
v 0.014999999664724165 0.22120001850128146 4.267199975681305
v -0.014999999664723922 0.22120001850128146 5.791200024318695
v -0.014999999664723582 0.22120001850128146 4.267199975681305
v 0.014999999664723825 2.049999981498718 5.791200024318695
v 0.014999999664724165 2.049999981498718 4.267199975681305
v 0.014999999664723825 0.22120001850128146 5.791200024318695
v 0.014999999664724165 0.22120001850128146 4.267199975681305
v -0.014999999664723582 2.049999981498718 4.267199975681305
v -0.014999999664723922 2.049999981498718 5.791200024318695
v -0.014999999664723582 0.22120001850128146 4.267199975681305
v -0.014999999664723922 0.22120001850128146 5.791200024318695
vt 0 1
vt 1 1
vt 0 0
vt 1 0
vt 0 1
vt 1 1
vt 0 0
vt 1 0
vt 0 1
vt 1 1
vt 0 0
vt 1 0
vt 0 1
vt 1 1
vt 0 0
vt 1 0
vt 0 1
vt 1 1
vt 0 0
vt 1 0
vt 0 1
vt 1 1
vt 0 0
vt 1 0
vn 2.220446049250313e-16 0 -1
vn 2.220446049250313e-16 0 -1
vn 2.220446049250313e-16 0 -1
vn 2.220446049250313e-16 0 -1
vn -2.220446049250313e-16 0 1
vn -2.220446049250313e-16 0 1
vn -2.220446049250313e-16 0 1
vn -2.220446049250313e-16 0 1
vn 0 1 0
vn 0 1 0
vn 0 1 0
vn 0 1 0
vn 0 -1 0
vn 0 -1 0
vn 0 -1 0
vn 0 -1 0
vn 1 0 2.220446049250313e-16
vn 1 0 2.220446049250313e-16
vn 1 0 2.220446049250313e-16
vn 1 0 2.220446049250313e-16
vn -1 0 -2.220446049250313e-16
vn -1 0 -2.220446049250313e-16
vn -1 0 -2.220446049250313e-16
vn -1 0 -2.220446049250313e-16
f 1961/1961/1961 1963/1963/1963 1962/1962/1962
f 1963/1963/1963 1964/1964/1964 1962/1962/1962
f 1965/1965/1965 1967/1967/1967 1966/1966/1966
f 1967/1967/1967 1968/1968/1968 1966/1966/1966
f 1969/1969/1969 1971/1971/1971 1970/1970/1970
f 1971/1971/1971 1972/1972/1972 1970/1970/1970
f 1973/1973/1973 1975/1975/1975 1974/1974/1974
f 1975/1975/1975 1976/1976/1976 1974/1974/1974
f 1977/1977/1977 1979/1979/1979 1978/1978/1978
f 1979/1979/1979 1980/1980/1980 1978/1978/1978
f 1981/1981/1981 1983/1983/1983 1982/1982/1982
f 1983/1983/1983 1984/1984/1984 1982/1982/1982
o 
v 0.014999999664724295 2.049999981498718 2.133599975681305
v -0.014999999664723452 2.049999981498718 2.133599975681305
v 0.014999999664724295 0.22120001850128146 2.133599975681305
v -0.014999999664723452 0.22120001850128146 2.133599975681305
v -0.014999999664723792 2.049999981498718 3.657600024318695
v 0.014999999664723955 2.049999981498718 3.657600024318695
v -0.014999999664723792 0.22120001850128146 3.657600024318695
v 0.014999999664723955 0.22120001850128146 3.657600024318695
v -0.014999999664723792 2.049999981498718 3.657600024318695
v -0.014999999664723452 2.049999981498718 2.133599975681305
v 0.014999999664723955 2.049999981498718 3.657600024318695
v 0.014999999664724295 2.049999981498718 2.133599975681305
v 0.014999999664723955 0.22120001850128146 3.657600024318695
v 0.014999999664724295 0.22120001850128146 2.133599975681305
v -0.014999999664723792 0.22120001850128146 3.657600024318695
v -0.014999999664723452 0.22120001850128146 2.133599975681305
v 0.014999999664723955 2.049999981498718 3.657600024318695
v 0.014999999664724295 2.049999981498718 2.133599975681305
v 0.014999999664723955 0.22120001850128146 3.657600024318695
v 0.014999999664724295 0.22120001850128146 2.133599975681305
v -0.014999999664723452 2.049999981498718 2.133599975681305
v -0.014999999664723792 2.049999981498718 3.657600024318695
v -0.014999999664723452 0.22120001850128146 2.133599975681305
v -0.014999999664723792 0.22120001850128146 3.657600024318695
vt 0 1
vt 1 1
vt 0 0
vt 1 0
vt 0 1
vt 1 1
vt 0 0
vt 1 0
vt 0 1
vt 1 1
vt 0 0
vt 1 0
vt 0 1
vt 1 1
vt 0 0
vt 1 0
vt 0 1
vt 1 1
vt 0 0
vt 1 0
vt 0 1
vt 1 1
vt 0 0
vt 1 0
vn 2.220446049250313e-16 0 -1
vn 2.220446049250313e-16 0 -1
vn 2.220446049250313e-16 0 -1
vn 2.220446049250313e-16 0 -1
vn -2.220446049250313e-16 0 1
vn -2.220446049250313e-16 0 1
vn -2.220446049250313e-16 0 1
vn -2.220446049250313e-16 0 1
vn 0 1 0
vn 0 1 0
vn 0 1 0
vn 0 1 0
vn 0 -1 0
vn 0 -1 0
vn 0 -1 0
vn 0 -1 0
vn 1 0 2.220446049250313e-16
vn 1 0 2.220446049250313e-16
vn 1 0 2.220446049250313e-16
vn 1 0 2.220446049250313e-16
vn -1 0 -2.220446049250313e-16
vn -1 0 -2.220446049250313e-16
vn -1 0 -2.220446049250313e-16
vn -1 0 -2.220446049250313e-16
f 1985/1985/1985 1987/1987/1987 1986/1986/1986
f 1987/1987/1987 1988/1988/1988 1986/1986/1986
f 1989/1989/1989 1991/1991/1991 1990/1990/1990
f 1991/1991/1991 1992/1992/1992 1990/1990/1990
f 1993/1993/1993 1995/1995/1995 1994/1994/1994
f 1995/1995/1995 1996/1996/1996 1994/1994/1994
f 1997/1997/1997 1999/1999/1999 1998/1998/1998
f 1999/1999/1999 2000/2000/2000 1998/1998/1998
f 2001/2001/2001 2003/2003/2003 2002/2002/2002
f 2003/2003/2003 2004/2004/2004 2002/2002/2002
f 2005/2005/2005 2007/2007/2007 2006/2006/2006
f 2007/2007/2007 2008/2008/2008 2006/2006/2006
